#{"t_start": 1764011924.9821672, "env_id": "None"}
r,l,t
-83.61139,12,1.9013
4.079036,12,1.914403
-69.754317,12,1.933659
-77.28246,12,1.953976
-166.189914,12,1.978814
-106.376254,12,1.995634
-145.801777,12,2.016555
-101.766865,12,2.028729
-96.207205,12,2.052445
-20.607922,12,2.077867
-12.47356,12,2.092465
-99.751245,12,2.11443
-56.065842,12,2.127767
9.224871,12,2.141963
-109.663322,12,2.169888
-23.736889,12,2.193491
-146.41589,12,2.21364
-109.108614,12,2.228822
-38.386909,12,2.245159
-43.966649,12,2.264464
-73.324821,12,2.277685
1.643891,12,2.301865
-121.149671,12,2.3217
-36.826049,12,2.334741
-89.805816,12,2.350664
-107.502687,12,2.374492
-94.183765,12,2.390442
-65.0466,12,2.415303
-127.031944,12,2.434314
-137.042613,12,2.45075
-58.659099,12,2.466669
-85.812087,12,2.48404
-144.268085,12,2.500262
-73.558193,12,2.523607
-123.122009,12,2.533653
-90.843027,12,2.560423
-10.07403,12,2.577368
-164.271031,12,2.59411
17.747212,12,2.603114
-105.114067,12,2.628073
-11.587677,12,2.65019
-93.777532,12,2.664508
-54.453063,12,2.677677
-74.352924,12,2.683434
-120.917628,12,2.717359
-137.050998,12,2.738585
-108.640547,12,2.754128
-3.040417,12,2.772018
-82.81729,12,2.77809
-12.88214,12,2.80214
-25.448175,12,2.826826
-87.392244,12,2.848733
-80.688733,12,2.866818
-32.889728,12,2.883891
-123.024799,12,2.90014
17.05077,12,2.917517
-89.748362,12,2.933447
-92.522571,12,2.960911
-79.168633,12,2.983459
-142.690107,12,3.007395
-150.523769,12,3.032045
-85.274708,12,3.056595
-167.469801,12,3.074507
-12.423142,12,3.084013
-100.092155,12,3.106611
-64.494909,12,3.12826
-163.181836,12,3.133281
-53.525952,12,3.155109
-115.955127,12,3.183451
-141.492189,12,3.20052
-22.580894,12,3.216723
-117.189143,12,3.235941
-29.062222,12,3.2542
16.0404,12,3.272207
-84.682648,12,3.297662
-73.677118,12,3.318278
18.451077,12,3.333523
-80.707388,12,3.35509
-126.695109,12,3.373074
-136.22751,12,3.383358
-25.101862,12,3.41218
-61.763754,12,3.430627
-69.076778,12,3.448201
-70.841915,12,3.469519
-113.381083,12,3.484873
-58.083681,12,3.500443
17.818556,12,3.527752
-143.6198,12,3.533442
-15.447388,12,3.565105
-93.081743,12,3.582443
-48.007573,12,3.596687
-60.936168,12,3.616994
-122.30445,12,3.633341
-134.901643,12,3.656752
-67.439163,12,3.672179
-139.934318,12,3.691561
-72.327149,12,3.70245
-157.369642,12,3.727743
-57.700909,12,3.747653
-123.562342,12,3.767781
6.948375,12,3.78346
-97.82896,12,3.804106
-70.394325,12,3.82536
-123.683803,12,3.845227
-66.232175,12,3.859349
-77.755337,12,3.880151
17.449955,12,3.903885
-90.703222,12,3.920488
-98.318338,12,3.942685
19.123376,12,3.955952
-35.627298,12,3.976877
-130.224367,12,3.996178
-140.516812,12,4.014476
-14.972417,12,4.027762
-135.315159,12,4.051652
-149.583353,12,4.068074
-56.10757,12,4.089125
-130.205922,12,4.104861
-41.562106,12,4.128215
18.012338,12,4.136124
-79.001126,12,4.173488
-170.86617,12,4.184019
-134.456024,12,4.214581
-42.214898,12,4.233361
-90.126578,12,4.250462
-101.904021,12,4.271701
-64.288225,12,4.283885
-69.955659,12,4.314704
-79.241389,12,4.334981
-122.427357,12,4.351853
-3.238764,12,4.371616
15.72716,12,4.392817
-117.191374,12,4.417645
18.391259,12,4.436609
-136.588263,12,4.456861
-124.330149,12,4.472223
-53.638956,12,4.485901
-25.631476,12,4.516553
-10.763333,12,4.53599
-77.132436,12,4.551761
-80.289188,12,4.577929
-17.432091,12,4.593284
-115.441359,12,4.617112
-82.788568,12,4.634476
-56.913135,12,4.651113
-76.787813,12,4.667162
-142.141228,12,4.683393
16.416214,12,4.706696
-141.27485,12,4.722954
-112.006344,12,4.744764
-106.176727,12,4.766071
-68.671498,12,4.783851
-95.053587,12,4.800282
-78.697328,12,4.821871
-170.797838,12,4.833306
-120.561198,12,4.864697
-118.031409,12,4.885219
-93.188418,12,4.902422
-82.846103,12,4.921968
-59.815495,12,4.939268
-47.411458,12,4.957672
15.698627,12,4.978146
-120.487546,12,4.99743
-85.784068,12,5.01461
19.26276,12,5.02982
-43.21774,12,5.053539
-110.029878,12,5.071818
-111.057853,12,5.093978
-62.58255,12,5.112487
-66.634017,12,5.127577
-55.699369,12,7.178401
16.915783,12,7.198856
-49.092807,12,7.216245
-43.737765,12,7.233477
18.53903,12,7.251637
-9.032588,12,7.271455
-53.857283,12,7.283356
-0.45998,12,7.305555
-41.740129,12,7.322479
-88.535012,12,7.338027
-166.719581,12,7.354552
-30.692611,12,7.379235
-119.464732,12,7.401789
-109.580349,12,7.421529
-102.769663,12,7.435338
-34.687499,12,7.451357
-88.312557,12,7.472077
-61.428489,12,7.487573
18.185529,12,7.514419
-55.58105,12,7.533228
-140.74398,12,7.549627
-57.197172,12,7.566167
3.344123,12,7.582829
12.766197,12,7.603468
-118.795821,12,7.621534
-89.649128,12,7.635704
-8.3797,12,7.669419
-30.088881,12,7.686511
-18.638708,12,7.708733
-92.993815,12,7.7316
-21.78922,12,7.749009
-61.684631,12,7.764807
-26.986303,12,7.779645
-110.899356,12,7.797353
-117.915631,12,7.820071
-74.363685,12,7.832825
-165.07053,12,7.855994
-44.892645,12,7.871663
-92.167344,12,7.884563
-105.620022,12,7.906894
-134.796292,12,7.9275
18.582936,12,7.936354
-82.268033,12,7.966543
-119.8315,12,7.984547
-29.873655,12,8.003394
-26.619429,12,8.02167
-83.707232,12,8.045377
-29.827917,12,8.05786
-108.04691,12,8.07803
-59.681727,12,8.090451
17.024132,12,8.116335
12.776701,12,8.133286
-34.825261,12,8.150564
-143.110666,12,8.172265
-90.673516,12,8.184457
-90.27169,12,8.204601
-88.536349,12,8.221873
-34.337514,12,8.232739
-77.456727,12,8.251625
-74.540464,12,8.278817
3.827512,12,8.299499
-7.936164,12,8.314532
-19.207472,12,8.327576
-93.705358,12,8.343443
-24.453708,12,8.366076
-138.1274,12,8.382735
-7.483132,12,8.400015
-96.463881,12,8.421874
14.040569,12,8.432662
-84.120772,12,8.449806
-50.550365,12,8.474917
-22.326676,12,8.501609
-41.161409,12,8.521752
-58.063494,12,8.533173
-106.638914,12,8.554149
-46.318746,12,8.571816
-66.794504,12,8.582727
-204.084823,12,8.614474
-97.34435,12,8.628065
17.629197,12,8.641402
-43.021737,12,8.665647
-107.810836,12,8.682586
-44.514218,12,8.701511
-65.334421,12,8.721775
2.733865,12,8.733366
-51.610082,12,8.756187
-46.446016,12,8.771553
13.295487,12,8.782765
-88.462816,12,8.804855
-98.63305,12,8.821633
-81.197142,12,8.844387
-32.017016,12,8.856132
-92.8457,12,8.871836
-106.215986,12,8.885754
-67.75893,12,8.907743
-80.501096,12,8.927968
-114.277673,12,8.947798
-50.758553,12,8.956163
-104.923077,12,8.980933
-18.481938,12,8.996474
-59.800133,12,9.016439
-14.49175,12,9.032653
-53.212378,12,9.052587
-50.038012,12,9.071827
4.055098,12,9.090522
-39.432936,12,9.107643
-15.494069,12,9.128632
-132.423641,12,9.152633
-60.209225,12,9.166427
-34.656156,12,9.182652
-141.666069,12,9.202535
-164.277423,12,9.219296
-10.272945,12,9.232627
11.116581,12,9.251273
8.2749,12,9.272025
-139.496245,12,9.29309
-77.881167,12,9.308508
-39.516658,12,9.321499
-112.520845,12,9.33603
-77.133258,12,9.356929
-123.575316,12,9.382625
-103.255507,12,9.399314
-144.29011,12,9.415922
-42.346765,12,9.432578
-40.634716,12,9.449354
-32.909696,12,9.469519
-127.97944,12,9.483123
-70.731,12,9.50196
-68.391616,12,9.522025
-27.91323,12,9.535084
-51.691841,12,9.566542
-60.458737,12,9.594784
-4.331638,12,9.607553
-94.628737,12,9.628178
-115.610985,12,9.633164
-71.171946,12,9.664586
-115.493221,12,9.686159
-31.385997,12,9.706989
10.902149,12,9.727631
-67.729841,12,9.744328
-113.417481,12,9.760178
-62.741717,12,9.777572
-61.852084,12,9.79814
-104.321628,12,9.816503
-64.792241,12,9.840858
-124.211892,12,9.862045
-34.217168,12,9.881006
-64.89262,12,9.902882
-143.270903,12,9.922089
-62.563708,12,9.934585
-50.11696,12,9.951842
-14.960527,12,9.977977
-84.683613,12,9.99619
19.19553,12,10.021515
-131.545507,12,10.037346
-83.355441,12,10.055362
-5.708174,12,10.072218
-5.489948,12,10.082499
-11.627286,12,10.103914
-9.315169,12,10.132533
-80.980715,12,10.150622
-69.824137,12,10.171903
-107.886211,12,10.183688
-100.84598,12,10.207105
-67.612973,12,10.226266
-129.504399,12,10.246054
-112.563814,12,10.262472
-68.581725,12,10.279348
-118.909969,12,10.294576
-21.553539,12,10.316191
9.655502,12,10.332644
-119.88942,12,12.451853
-39.143711,12,12.470928
-25.542936,12,12.491707
-34.28227,12,12.51058
14.150981,12,12.5296
18.63556,12,12.553015
18.43093,12,12.577469
18.148846,12,12.599111
-41.656496,12,12.614858
-1.251168,12,12.627892
-61.256188,12,12.646286
10.579047,12,12.658679
-17.849991,12,12.684655
14.70343,12,12.70646
17.536772,12,12.721942
19.201647,12,12.732779
-4.342506,12,12.754711
-14.656041,12,12.771473
18.336776,12,12.795323
8.54203,12,12.815864
-4.959562,12,12.832183
-82.73055,12,12.849356
-81.45937,12,12.864405
-29.159118,12,12.883475
17.804211,12,12.906229
-54.946978,12,12.925883
-56.042231,12,12.932235
-84.299996,12,12.962428
-57.078094,12,12.97822
-85.41599,12,12.999238
16.578756,12,13.01903
-8.649664,12,13.040154
-83.592665,12,13.062045
18.152083,12,13.082101
-103.005193,12,13.100311
-71.859285,12,13.12169
18.888265,12,13.135379
-94.359876,12,13.158376
-13.75362,12,13.179971
2.680228,12,13.199028
12.011855,12,13.221962
-22.721819,12,13.232186
-80.807794,12,13.253243
-71.558196,12,13.277583
-6.006173,12,13.300959
-32.336534,12,13.321573
-78.316076,12,13.342033
-60.325565,12,13.35935
-71.861442,12,13.373738
-53.237381,12,13.382704
-21.059036,12,13.405281
-32.658707,12,13.427581
18.448359,12,13.445493
11.593197,12,13.463635
-10.912745,12,13.478256
-14.735909,12,13.494912
-96.186508,12,13.509758
-94.404385,12,13.533335
-37.695074,12,13.549266
16.12738,12,13.568115
-64.661779,12,13.582169
-50.005852,12,13.598891
16.377326,12,13.615387
-124.922578,12,13.632062
17.290341,12,13.653895
-83.268415,12,13.675603
-66.365045,12,13.682159
-46.626944,12,13.710324
-40.058659,12,13.72762
-42.982262,12,13.742252
-44.13072,12,13.765384
7.551438,12,13.782072
3.575363,12,13.798811
-77.149702,12,13.815372
-6.690213,12,13.82986
-66.038381,12,13.848738
-26.918111,12,13.864308
-24.101924,12,13.882061
-115.631049,12,13.90265
6.552328,12,13.922188
-103.962888,12,13.945221
-107.185177,12,13.969811
-46.075421,12,13.998842
17.358821,12,14.013385
18.685471,12,14.02773
-112.88284,12,14.046867
17.602218,12,14.062637
8.949436,12,14.078976
-38.308008,12,14.102965
-66.655843,12,14.12177
-33.178489,12,14.134156
-2.013163,12,14.150029
-60.257431,12,14.17215
-68.957334,12,14.197737
17.952487,12,14.219788
18.566214,12,14.238335
17.738739,12,14.254624
-34.272355,12,14.271693
-48.081493,12,14.292288
-20.126511,12,14.315674
-23.227356,12,14.332011
-43.891187,12,14.360355
6.195227,12,14.377587
-64.95515,12,14.398955
18.553646,12,14.417374
-39.081099,12,14.441334
-32.677331,12,14.457192
-35.850083,12,14.472941
-94.822712,12,14.4971
-44.829927,12,14.517631
-7.544308,12,14.533544
17.629446,12,14.557698
18.259514,12,14.584292
-15.571259,12,14.602181
-50.557446,12,14.622991
-84.805007,12,14.642467
-80.111813,12,14.657789
-14.899681,12,14.67414
-41.826507,12,14.692006
-10.97078,12,14.704106
6.648343,12,14.732094
-116.779363,12,14.752493
18.610508,12,14.767953
18.200622,12,14.784607
-60.289125,12,14.79962
-33.886768,12,14.821554
-167.125844,12,14.841171
19.594878,12,14.859017
18.672942,12,14.877721
-68.628528,12,14.898661
10.85056,12,14.915283
17.010994,12,14.932446
-9.350365,12,14.953798
16.381376,12,14.972902
-38.194175,12,14.984272
-11.76016,12,15.000386
-94.538917,12,15.026248
-34.435135,12,15.044914
18.219725,12,15.065831
16.606393,12,15.081953
-108.369946,12,15.099074
-98.542355,12,15.115197
-24.082856,12,15.131873
-102.621039,12,15.148619
9.349092,12,15.171728
-86.216332,12,15.184102
16.550639,12,15.200776
-38.787346,12,15.222224
-13.274541,12,15.233134
-78.148285,12,15.251752
-28.534161,12,15.2798
18.01553,12,15.298697
-22.197709,12,15.31666
-96.314106,12,15.331903
-66.613668,12,15.348632
-49.294155,12,15.365261
-47.100969,12,15.381831
-63.60912,12,15.403991
18.312176,12,15.423775
-44.948873,12,15.442834
-56.554304,12,15.451492
-104.205208,12,15.477612
0.218759,12,15.482727
-74.464479,12,15.515153
-25.207077,12,15.531903
-99.409065,12,15.549136
-152.208304,12,15.568567
14.376654,12,15.581808
-122.322691,12,15.600765
15.055566,12,15.621516
-125.256969,12,15.634267
-41.554136,12,17.714906
-66.940786,12,17.733674
18.762954,12,17.750796
18.065868,12,17.771423
16.91709,12,17.782247
-68.163485,12,17.804924
-29.809301,12,17.822061
-24.161874,12,17.837373
-7.659777,12,17.859051
-38.447408,12,17.871575
-2.057971,12,17.880855
18.764644,12,17.912636
-57.127846,12,17.927853
18.430153,12,17.950763
18.905718,12,17.967888
-76.88955,12,17.983152
18.0981,12,17.999742
-98.016644,12,18.024119
-35.133154,12,18.041651
-9.669229,12,18.056704
-50.422676,12,18.07206
-52.71466,12,18.081486
15.809406,12,18.112255
8.652075,12,18.133544
-53.710404,12,18.151809
-21.006393,12,18.167099
19.600781,12,18.183036
-27.322531,12,18.202655
-107.411171,12,18.220643
18.878714,12,18.241374
-37.038807,12,18.256782
3.251896,12,18.272099
5.299485,12,18.28847
-12.598024,12,18.304934
-47.446274,12,18.327996
-39.551013,12,18.355161
-123.700644,12,18.37947
16.914994,12,18.399982
17.113443,12,18.416503
18.474116,12,18.431905
-20.04675,12,18.448567
-13.303947,12,18.465093
19.117814,12,18.490559
-4.021585,12,18.504648
-61.819846,12,18.521847
8.268789,12,18.54458
-35.912762,12,18.565318
17.758227,12,18.593734
-20.024782,12,18.613036
16.203373,12,18.633776
-100.903752,12,18.649756
15.841429,12,18.672286
-9.596563,12,18.681463
17.583718,12,18.714766
8.346027,12,18.731664
18.896701,12,18.753944
-7.92147,12,18.771682
0.878981,12,18.784471
7.217308,12,18.800439
-31.591703,12,18.829426
-1.282626,12,18.849485
18.332859,12,18.865559
-18.966605,12,18.881666
18.171983,12,18.898432
-45.965485,12,18.923697
-15.216181,12,18.945845
13.027204,12,18.966189
-55.418739,12,18.986932
-73.437674,12,19.000534
-43.545101,12,19.023848
-63.389184,12,19.034914
-5.182798,12,19.054967
-47.593558,12,19.076376
-1.926011,12,19.093347
-19.171879,12,19.111156
-30.993625,12,19.131429
17.460134,12,19.148053
18.020152,12,19.165014
17.250883,12,19.181483
-22.881042,12,19.192327
18.280052,12,19.21677
0.88327,12,19.237108
17.348265,12,19.255371
18.143491,12,19.271823
-22.495993,12,19.29051
-27.649612,12,19.30484
-57.252508,12,19.321591
-50.030728,12,19.346516
18.791407,12,19.364749
16.983027,12,19.381338
13.063412,12,19.400536
-62.641538,12,19.417554
18.795968,12,19.432994
18.27042,12,19.45583
-91.640932,12,19.472376
6.266578,12,19.483851
18.164678,12,19.504803
5.557894,12,19.522085
-20.998431,12,19.535328
-79.692112,12,19.553967
-26.750552,12,19.577982
17.923308,12,19.596562
11.919777,12,19.61736
-21.665735,12,19.634593
-51.661856,12,19.662912
-29.522531,12,19.686417
16.287397,12,19.703533
-35.878036,12,19.721847
16.020451,12,19.731339
-42.759114,12,19.755376
-9.040356,12,19.771804
7.524991,12,19.795601
13.997935,12,19.810124
-13.023582,12,19.833445
18.936026,12,19.861313
18.073043,12,19.88212
18.641833,12,19.910472
15.922088,12,19.927335
-36.187677,12,19.942669
-47.865104,12,19.959445
16.502693,12,19.978025
15.660267,12,19.995081
-24.016581,12,20.016589
18.387399,12,20.042899
-100.943632,12,20.062522
16.362788,12,20.083941
-13.857663,12,20.097976
-19.8219,12,20.123795
-22.053646,12,20.13693
-4.457712,12,20.153619
18.543959,12,20.172077
8.577719,12,20.181229
-31.511754,12,20.201653
-81.918854,12,20.221876
-13.643791,12,20.244987
14.270639,12,20.265514
-69.529086,12,20.28179
-101.20923,12,20.297921
8.73563,12,20.314535
14.890856,12,20.33587
-11.013453,12,20.352201
18.556491,12,20.372062
18.124482,12,20.385532
19.467581,12,20.401164
15.976076,12,20.422359
-79.807181,12,20.427981
5.567398,12,20.457032
-5.87058,12,20.477837
-120.914831,12,20.500898
14.373615,12,20.521455
-35.642051,12,20.550996
18.031589,12,20.578295
-16.346646,12,20.599933
17.311126,12,20.616414
-56.018555,12,20.635241
15.354763,12,20.657384
16.865855,12,20.679705
-103.709874,12,20.698025
16.082195,12,20.714793
-15.533094,12,20.737889
-63.399942,12,20.759099
13.946602,12,20.782396
-18.226126,12,20.798429
16.639299,12,20.815274
16.831544,12,20.832434
-24.159759,12,20.849296
17.525406,12,20.867171
-43.031285,12,20.890697
-28.390788,12,20.910227
17.585572,12,20.927678
-39.42635,12,22.926707
18.469796,12,22.954036
17.836786,12,22.972101
-20.757057,12,22.983632
-43.510027,12,22.998821
18.938109,12,23.025234
-12.312342,12,23.044055
-0.695542,12,23.069769
16.37877,12,23.082924
18.619754,12,23.097924
18.103181,12,23.114675
19.158888,12,23.132354
15.476119,12,23.153624
8.149506,12,23.183104
16.769242,12,23.198866
17.543163,12,23.218521
14.749028,12,23.231247
17.723028,12,23.250485
8.154828,12,23.269969
-31.562,12,23.292699
16.8966,12,23.305634
0.831084,12,23.327942
16.27978,12,23.348996
2.062709,12,23.365187
18.580577,12,23.384033
17.678451,12,23.400254
18.542004,12,23.42174
10.227099,12,23.44151
15.176901,12,23.457527
-27.306845,12,23.47776
-31.043526,12,23.497516
-8.401702,12,23.514557
17.426809,12,23.536942
-33.713769,12,23.553327
17.797283,12,23.572805
18.066373,12,23.597098
3.66008,12,23.621923
17.492157,12,23.641982
-24.384287,12,23.657819
-32.204284,12,23.677499
17.561658,12,23.699355
17.869876,12,23.722049
16.012921,12,23.730681
16.397439,12,23.761665
-29.689215,12,23.78259
16.925376,12,23.803779
15.162375,12,23.821678
15.005541,12,23.847566
-45.725111,12,23.862375
-26.957742,12,23.881428
17.356388,12,23.897496
2.338109,12,23.914557
-8.945541,12,23.930912
-80.822864,12,23.952285
17.256842,12,23.969818
-21.605387,12,23.98803
-46.773242,12,24.007092
18.170154,12,24.02853
-19.591242,12,24.051591
18.504781,12,24.064953
-22.764002,12,24.080744
9.073119,12,24.103081
-8.480921,12,24.122996
-49.263939,12,24.130743
-4.204588,12,24.151446
-3.520682,12,24.178379
-7.179569,12,24.196394
3.522175,12,24.212814
17.237769,12,24.233388
18.380288,12,24.248302
-4.343985,12,24.264891
17.122443,12,24.280736
14.332542,12,24.305387
15.232678,12,24.321427
18.610625,12,24.342752
18.289885,12,24.359179
-21.454657,12,24.37753
16.09111,12,24.393983
15.975394,12,24.414488
17.504588,12,24.430846
11.095268,12,24.449926
17.688795,12,24.466087
18.591883,12,24.482437
16.398279,12,24.508472
-0.479272,12,24.522562
-30.679749,12,24.531048
5.603867,12,24.561675
13.403268,12,24.578188
-9.232344,12,24.597409
-14.167231,12,24.614657
-0.247769,12,24.634083
4.648812,12,24.649894
-3.386865,12,24.67406
18.372172,12,24.682098
18.960602,12,24.705343
17.207778,12,24.728374
-0.273629,12,24.747074
18.63174,12,24.764854
-3.299961,12,24.780609
18.457563,12,24.801586
11.871528,12,24.818413
17.613325,12,24.830659
17.986431,12,24.857826
-38.39672,12,24.880823
18.649641,12,24.901505
16.864788,12,24.927781
19.569327,12,24.952044
7.372159,12,24.971773
17.672582,12,24.985971
4.36556,12,25.004744
-16.589478,12,25.021591
13.138208,12,25.042455
13.958933,12,25.069438
-19.521476,12,25.091357
17.225267,12,25.111316
17.859824,12,25.132731
17.829225,12,25.155497
18.172242,12,25.179654
15.990492,12,25.197911
16.959268,12,25.216611
16.855215,12,25.230588
0.35001,12,25.248599
10.613777,12,25.267414
-0.22304,12,25.292181
5.517087,12,25.312213
19.032751,12,25.331059
18.190861,12,25.347263
-26.564283,12,25.364592
15.275414,12,25.38055
15.485309,12,25.400573
-24.110033,12,25.424775
17.998498,12,25.441087
18.507614,12,25.456789
18.764295,12,25.478341
3.975842,12,25.499453
18.793789,12,25.516546
-8.985934,12,25.531723
15.734898,12,25.554409
0.236634,12,25.571924
18.854932,12,25.580586
17.821186,12,25.609969
18.248929,12,25.630694
-29.872156,12,25.65007
16.472342,12,25.673788
15.024633,12,25.683081
16.916891,12,25.70553
-45.169881,12,25.732989
-31.967301,12,25.748608
15.420665,12,25.772076
18.504917,12,25.786403
16.977732,12,25.814431
17.487518,12,25.948837
-11.523462,12,25.964985
18.744747,12,25.980498
18.775751,12,26.005207
16.025812,12,26.022561
18.114799,12,26.041524
-6.696519,12,26.062535
17.372124,12,26.080572
19.427257,12,26.091841
17.620396,12,26.114029
17.005858,12,26.13086
7.759877,12,26.150128
18.081389,12,26.170364
11.794955,12,26.181215
17.225484,12,26.20395
19.535754,12,26.221762
16.737328,12,26.230479
18.499689,12,26.251886
17.507898,12,26.274206
12.66089,12,26.296279
-16.012253,12,28.582258
7.958115,12,28.597297
-2.443265,12,28.622067
17.307337,12,28.645324
-60.309332,12,28.660165
18.309913,12,28.683105
17.97964,12,28.69923
16.394278,12,28.715576
18.048119,12,28.740102
18.135163,12,28.758523
15.36943,12,28.772351
6.667167,12,28.780786
16.965736,12,28.804105
6.527595,12,28.821851
3.674559,12,28.848871
16.181615,12,28.86926
17.49874,12,28.887639
17.505747,12,28.904136
18.282841,12,28.921742
18.41563,12,28.948846
17.214914,12,28.965226
15.867981,12,28.986838
-22.98799,12,28.999993
16.870848,12,29.022174
18.70919,12,29.044727
18.762991,12,29.064306
17.911661,12,29.081515
15.61282,12,29.097769
13.807357,12,29.130218
16.512048,12,29.153366
14.43881,12,29.17824
17.080607,12,29.198234
17.587111,12,29.215179
17.36916,12,29.232494
17.258687,12,29.265471
18.070185,12,29.293947
-22.13829,12,29.320289
18.546786,12,29.342257
-16.227259,12,29.364264
18.191713,12,29.383798
16.446459,12,29.408794
12.901528,12,29.429438
18.446287,12,29.45343
17.478213,12,29.47454
19.676711,12,29.502735
17.282182,12,29.524459
17.58088,12,29.535698
19.435659,12,29.555959
16.160097,12,29.578013
17.195973,12,29.593058
5.111476,12,29.61747
15.584725,12,29.636231
17.603304,12,29.654442
14.224497,12,29.67179
11.403116,12,29.687151
16.958271,12,29.698197
18.305837,12,29.731854
17.307999,12,29.746922
18.284801,12,29.762736
16.241642,12,29.781537
7.992942,12,29.799685
17.844018,12,29.816226
17.551176,12,29.834082
18.748375,12,29.855866
17.231743,12,29.872572
-57.450378,12,29.882
5.426099,12,29.903584
16.228907,12,29.921477
15.995553,12,29.945882
17.935946,12,29.961616
11.493641,12,29.980531
17.544861,12,29.999513
16.41968,12,30.0163
16.76864,12,30.032385
18.056984,12,30.053646
5.123329,12,30.071646
16.636015,12,30.088717
18.236983,12,30.112924
10.256824,12,30.130111
18.356883,12,30.148948
18.452912,12,30.164474
15.519305,12,30.181639
17.67102,12,30.196667
15.338865,12,30.21328
-1.057095,12,30.240065
2.464792,12,30.269582
17.735266,12,30.288332
-0.859691,12,30.305262
-22.557939,12,30.327424
18.019194,12,30.347188
17.043526,12,30.364277
18.274318,12,30.379955
-19.611148,12,30.396711
-48.410161,12,30.414433
17.12111,12,30.431459
18.392489,12,30.451297
17.771684,12,30.468738
17.172496,12,30.480713
17.553124,12,30.50038
-2.549115,12,30.524982
17.553515,12,30.543682
-44.768207,12,30.563695
14.950473,12,30.581999
15.707368,12,30.603921
16.592607,12,30.620225
-14.020759,12,30.637689
17.352133,12,30.652107
18.463637,12,30.668396
18.220098,12,30.687242
17.828844,12,30.700948
18.133339,12,30.726625
17.217327,12,30.742703
-12.901707,12,30.758569
18.418408,12,30.777642
18.134637,12,30.795911
17.332585,12,30.813201
14.441851,12,30.829919
16.441301,12,30.846586
16.52675,12,30.871535
17.257478,12,30.880295
16.957871,12,30.902729
17.342899,12,30.922119
17.376768,12,30.947563
17.278763,12,30.964894
4.269583,12,30.983923
17.323821,12,30.999661
18.373199,12,31.019357
1.084975,12,31.039018
17.976161,12,31.068288
18.59454,12,31.08136
18.231234,12,31.099057
14.249432,12,31.122025
16.445637,12,31.142363
17.564244,12,31.158374
-26.18791,12,31.184605
16.555055,12,31.198434
18.641711,12,31.222127
16.626876,12,31.231504
17.535592,12,31.254925
18.364707,12,31.280047
-35.981858,12,31.296018
16.991927,12,31.315766
16.978046,12,31.32991
15.131924,12,31.349914
11.973307,12,31.366511
-13.142436,12,31.382028
17.579986,12,31.400158
17.434082,12,31.428328
17.802994,12,31.44712
18.534485,12,31.464808
-0.257414,12,31.493932
18.535811,12,31.514357
18.492297,12,31.53297
16.873743,12,31.554859
18.454928,12,31.572173
18.200928,12,31.585002
-39.942839,12,31.615467
14.716708,12,31.632262
-62.108454,12,31.648844
11.575455,12,31.677619
15.671628,12,31.701324
17.005468,12,31.726315
19.235528,12,31.744317
19.026527,12,31.767244
17.434839,12,31.784129
17.866421,12,31.80057
15.766701,12,31.818068
17.916448,12,31.838754
18.557838,12,31.854799
17.003066,12,31.87141
16.723324,12,31.885492
16.916279,12,33.91449
18.968194,12,33.931785
1.276333,12,33.955983
15.753667,12,33.971588
-18.378361,12,33.980409
18.565792,12,34.010215
14.81177,12,34.027263
16.196051,12,34.043535
16.607212,12,34.065095
18.563882,12,34.08247
16.08138,12,34.102467
18.477765,12,34.11915
16.743073,12,34.132501
18.193947,12,34.148144
17.966234,12,34.171565
18.535569,12,34.194122
16.069504,12,34.217424
16.96489,12,34.23276
19.562534,12,34.249139
16.225666,12,34.264711
18.438842,12,34.279577
16.719494,12,34.303367
17.689272,12,34.32217
17.278864,12,34.338865
4.481159,12,34.35394
17.077615,12,34.371785
16.593797,12,34.385364
16.195428,12,34.403596
18.030955,12,34.421606
17.396699,12,34.441324
17.293963,12,34.460655
16.54706,12,34.477758
17.647253,12,34.498849
-2.383726,12,34.518892
17.876076,12,34.535972
8.986032,12,34.54828
18.329088,12,34.565073
18.967971,12,34.57943
16.46414,12,34.603873
17.111029,12,34.625482
16.622181,12,34.637837
16.885339,12,34.659589
16.605015,12,34.67817
8.965944,12,34.6932
17.609867,12,34.713757
10.977117,12,34.738006
17.537694,12,34.757013
18.800923,12,34.771745
16.919227,12,34.792916
18.37067,12,34.808812
18.144091,12,34.829391
16.519683,12,34.847377
16.099578,12,34.864784
9.230502,12,34.880145
18.472971,12,34.896383
18.16364,12,34.915906
17.634938,12,34.942673
16.430124,12,34.963704
17.826786,12,34.982181
18.654705,12,34.999067
17.392613,12,35.025896
16.370841,12,35.04903
14.231574,12,35.064693
16.672657,12,35.08002
18.01488,12,35.096797
16.982811,12,35.120202
19.494151,12,35.136189
18.57478,12,35.154228
16.300717,12,35.174371
14.949966,12,35.179879
17.566549,12,35.207944
17.333256,12,35.226013
16.74944,12,35.242494
16.768185,12,35.262799
16.500676,12,35.279487
14.836256,12,35.299447
18.935544,12,35.315971
16.489744,12,35.331083
18.3164,12,35.353807
17.654699,12,35.377719
19.149814,12,35.397324
-5.406533,12,35.414844
18.105021,12,35.430435
14.167502,12,35.449019
19.401703,12,35.476309
17.412693,12,35.497943
17.268388,12,35.514991
16.327219,12,35.5299
15.176132,12,35.552516
17.486789,12,35.583934
18.164752,12,35.599503
17.389279,12,35.620037
17.93564,12,35.632311
8.104675,12,35.647379
18.105929,12,35.675913
13.333408,12,35.699718
18.537244,12,35.714811
16.963807,12,35.741271
17.451919,12,35.748994
18.368235,12,35.779339
15.539654,12,35.797137
16.450488,12,35.822467
16.863691,12,35.829719
18.408556,12,35.864307
17.446101,12,35.887854
12.21131,12,35.911177
15.713953,12,35.929336
15.902162,12,35.946333
16.152441,12,35.965032
19.150864,12,35.987403
-8.019452,12,36.006407
17.855531,12,36.034506
18.936339,12,36.059146
17.50497,12,36.081929
17.553451,12,36.104509
18.462592,12,36.123483
10.495177,12,36.138954
6.892658,12,36.153474
17.334863,12,36.17841
16.971593,12,36.193948
16.787365,12,36.210346
10.133124,12,36.231605
16.737579,12,36.246331
13.980142,12,36.264848
17.974454,12,36.284122
17.632549,12,36.299488
12.500154,12,36.31486
17.142626,12,36.34828
13.921418,12,36.371794
15.167882,12,36.396215
16.362688,12,36.42036
-14.052341,12,36.44434
17.569256,12,36.471977
17.200446,12,36.497218
18.132011,12,36.521618
16.746441,12,36.543205
17.300561,12,36.572024
15.73417,12,36.596842
-7.811497,12,36.616911
16.029351,12,36.632432
18.585992,12,36.662184
15.667962,12,36.691375
15.125043,12,36.713797
15.938803,12,36.739615
18.953329,12,36.764159
-0.543278,12,36.784198
6.943235,12,36.808864
18.121499,12,36.830981
16.795469,12,36.848957
18.445386,12,36.868954
17.798805,12,36.889627
18.24064,12,36.916507
17.438001,12,36.936064
16.169622,12,36.96021
17.659414,12,36.98638
15.872389,12,37.011456
16.818394,12,37.039756
17.43816,12,37.065948
17.677981,12,37.088398
17.164285,12,37.108013
18.402251,12,37.135471
16.529179,12,37.158256
16.325746,12,37.180955
15.835806,12,37.205117
18.011337,12,37.233046
17.737898,12,37.260168
18.502412,12,37.285333
15.602018,12,37.311289
18.037716,12,37.338814
0.38941,12,37.368309
16.693549,12,40.234909
17.975806,12,40.266243
18.267033,12,40.289954
17.136994,12,40.319557
17.776756,12,40.346967
18.519772,12,40.372526
17.400337,12,40.400708
17.827076,12,40.432427
18.521393,12,40.458344
16.49981,12,40.484114
17.017659,12,40.505492
-12.77483,12,40.528376
18.405725,12,40.557117
16.975276,12,40.582667
16.393584,12,40.607336
16.862206,12,40.63155
16.996386,12,40.653219
9.595318,12,40.677855
16.267417,12,40.701962
15.945897,12,40.725339
16.939969,12,40.750799
15.404531,12,40.778864
16.670419,12,40.802855
17.026449,12,40.824834
17.003602,12,40.849771
18.847755,12,40.881337
18.158375,12,40.904083
18.307285,12,40.927423
15.977559,12,40.953884
18.547024,12,40.977326
18.159085,12,41.006304
9.637844,12,41.028379
15.425082,12,41.052864
2.094079,12,41.073915
17.893701,12,41.103509
18.003179,12,41.128263
16.437629,12,41.152231
16.234694,12,41.173782
-15.221047,12,41.200072
13.989086,12,41.223932
17.566424,12,41.247991
17.564843,12,41.269174
-5.143416,12,41.293342
16.930029,12,41.320882
17.893534,12,41.344517
17.212002,12,41.366718
15.863136,12,41.390273
18.542605,12,41.417385
13.852397,12,41.446869
18.104134,12,41.470003
17.388029,12,41.497191
17.368068,12,41.521739
-21.377168,12,41.551172
18.095715,12,41.572763
18.364823,12,41.597382
18.200226,12,41.620687
18.278077,12,41.643717
17.831648,12,41.673638
16.023745,12,41.697355
18.171668,12,41.716758
16.059098,12,41.744818
17.924875,12,41.772849
16.359233,12,41.798943
18.955571,12,41.823483
18.330601,12,41.845242
15.139011,12,41.868867
17.639155,12,41.894846
16.635476,12,41.918047
18.183691,12,41.943094
15.426916,12,41.964024
16.797509,12,41.986114
11.63078,12,42.016962
5.669673,12,42.042056
18.203483,12,42.067829
16.762958,12,42.092656
18.043226,12,42.1191
15.546097,12,42.139935
16.67585,12,42.164332
17.004834,12,42.187272
17.028785,12,42.21238
5.135751,12,42.230763
17.751939,12,42.255696
17.544641,12,42.277354
16.882904,12,42.300536
18.085595,12,42.322913
15.58285,12,42.357267
17.974292,12,42.383579
17.686123,12,42.40994
16.585018,12,42.44223
17.798827,12,42.476581
18.595725,12,42.503112
17.016395,12,42.52947
17.969791,12,42.560664
16.177037,12,42.585823
17.680368,12,42.610201
-22.466987,12,42.639393
18.237792,12,42.674155
18.183672,12,42.700944
-46.69183,12,42.726715
15.9462,12,42.750398
17.109106,12,42.780155
14.551923,12,42.808032
17.445977,12,42.831511
17.480978,12,42.857817
-30.107712,12,42.88758
16.875449,12,42.917311
16.789714,12,42.946488
17.00102,12,42.969984
16.628039,12,42.992115
15.965117,12,43.021825
17.374447,12,43.049878
17.606252,12,43.077266
18.912539,12,43.103501
19.32665,12,43.135114
15.663597,12,43.159866
16.791036,12,43.183737
17.128571,12,43.208939
16.938648,12,43.235538
18.060343,12,43.268197
18.722111,12,43.295047
15.137572,12,43.316549
17.228726,12,43.3386
18.364265,12,43.367368
17.117297,12,43.391146
18.163143,12,43.45336
17.248835,12,43.48857
16.027355,12,43.513415
17.688408,12,43.540138
17.647365,12,43.569795
16.789636,12,43.601857
15.789671,12,43.632281
16.873741,12,43.662116
16.419815,12,43.691085
16.350007,12,43.726807
17.208967,12,43.755282
15.519819,12,43.790644
17.301354,12,43.823938
18.781282,12,43.853235
15.252361,12,43.878449
16.044621,12,43.907704
15.177012,12,43.942325
16.402084,12,43.972147
15.81325,12,44.004614
18.295653,12,44.043109
17.727777,12,44.075102
16.82714,12,44.104485
17.639443,12,44.132267
16.702713,12,44.165036
18.076475,12,44.192297
16.484724,12,44.219463
15.550312,12,44.246531
16.917348,12,44.277958
16.852939,12,44.304216
18.267059,12,44.334765
17.561202,12,44.360503
14.416524,12,44.391402
16.717122,12,44.417778
16.707962,12,44.449371
16.726469,12,44.47268
17.332799,12,44.504397
15.761707,12,44.530246
17.742529,12,44.561819
18.204773,12,44.593193
17.100527,12,44.631739
18.023771,12,44.671022
17.062849,12,44.705256
17.349025,12,44.742437
18.289988,12,44.769832
15.91765,12,44.792058
14.956704,12,44.834136
17.549979,12,44.869498
16.911953,12,47.91488
16.334424,12,47.945884
-7.613238,12,47.969089
17.547539,12,47.993196
17.288986,12,48.023068
15.428568,12,48.052996
17.668189,12,48.076913
16.685826,12,48.104151
17.888163,12,48.127201
16.641015,12,48.151258
16.744987,12,48.181839
16.63019,12,48.207672
18.01497,12,48.232922
17.800068,12,48.261711
16.937624,12,48.289067
16.192919,12,48.313895
17.004931,12,48.34246
12.554777,12,48.366929
17.851675,12,48.398103
16.452093,12,48.422577
17.896574,12,48.448338
17.072519,12,48.471497
16.620882,12,48.49198
17.472887,12,48.518616
17.737317,12,48.542468
17.860629,12,48.565869
18.692339,12,48.589805
16.548151,12,48.621059
17.197913,12,48.6462
18.744797,12,48.670692
17.886383,12,48.697561
17.060277,12,48.726094
16.384942,12,48.766386
17.698843,12,48.803848
16.737063,12,48.837357
16.398234,12,48.879752
18.081329,12,48.921248
16.276534,12,49.003132
17.635944,12,49.025919
15.980138,12,49.055303
17.233137,12,49.093014
18.910391,12,49.126548
15.99356,12,49.152818
16.738282,12,49.178509
17.580389,12,49.208783
17.291324,12,49.23343
16.872918,12,49.257524
18.10585,12,49.28371
17.249164,12,49.314284
18.352091,12,49.339602
17.646665,12,49.367811
16.733843,12,49.397038
17.505997,12,49.433862
16.433593,12,49.462512
19.299371,12,49.486258
0.295725,12,49.510917
17.446703,12,49.541389
17.581282,12,49.564533
17.18031,12,49.597852
18.300973,12,49.629617
16.192485,12,49.658262
16.674343,12,49.682291
15.560749,12,49.706399
15.323437,12,49.728037
15.981622,12,49.758408
16.220271,12,49.784145
17.227304,12,49.812497
17.706152,12,49.835551
13.774252,12,49.872752
18.229393,12,49.903289
17.792801,12,49.936055
18.207983,12,49.977625
16.051391,12,50.010272
17.605423,12,50.042668
16.116082,12,50.085226
15.67642,12,50.128632
18.86555,12,50.160939
16.395024,12,50.202209
16.385676,12,50.235132
18.039099,12,50.269452
17.031193,12,50.306838
17.949084,12,50.336396
13.495021,12,50.362673
17.949953,12,50.388674
15.24405,12,50.419558
17.481602,12,50.444899
18.770766,12,50.470442
13.430494,12,50.498613
18.36427,12,50.529745
16.84493,12,50.553982
17.413481,12,50.57688
15.832381,12,50.598747
16.421471,12,50.62342
17.442789,12,50.653828
17.063817,12,50.678705
17.439571,12,50.7033
17.759745,12,50.728979
7.259654,12,50.758999
17.620229,12,50.788517
18.518051,12,50.816849
17.700974,12,50.844716
18.727917,12,50.872715
15.912431,12,50.90316
18.167134,12,50.930088
15.862035,12,50.958011
18.696219,12,50.990354
16.416836,12,51.016751
17.414025,12,51.046775
17.643829,12,51.07553
16.213924,12,51.103137
14.993157,12,51.132627
16.214609,12,51.157125
17.53953,12,51.181981
16.628455,12,51.21673
18.045398,12,51.252813
18.844971,12,51.294434
18.557352,12,51.330546
17.263983,12,51.35718
16.94075,12,51.38643
17.707888,12,51.419066
17.134361,12,51.45916
17.35565,12,51.491615
17.299887,12,51.520489
18.065363,12,51.55774
16.788345,12,51.635041
16.269479,12,51.680624
17.19757,12,51.718699
16.096524,12,51.7514
16.292228,12,51.789821
15.786924,12,51.819486
16.293678,12,51.848855
-6.124343,12,51.880985
18.046081,12,51.907764
18.493894,12,51.938581
17.355565,12,51.968665
16.807538,12,52.007964
17.644982,12,52.040223
16.647314,12,52.068881
18.11078,12,52.10043
16.931042,12,52.134833
15.451044,12,52.164598
17.575011,12,52.194351
17.468569,12,52.227225
17.206972,12,52.263063
16.331634,12,52.299896
18.01259,12,52.3303
17.838017,12,52.360028
17.3076,12,52.386793
16.946017,12,52.413378
16.356234,12,52.445676
17.765924,12,52.476458
17.071596,12,52.500505
17.179379,12,52.525547
18.022687,12,52.550211
16.759527,12,52.582904
16.368132,12,52.60818
17.212683,12,52.633746
15.684774,12,52.664378
17.121293,12,52.697083
16.868784,12,52.722201
16.147743,12,52.745878
13.477717,12,52.77013
18.10929,12,52.800353
18.261573,12,52.827055
17.852067,12,52.848639
18.321091,12,52.876909
17.338477,12,52.907659
15.965987,12,52.933725
16.945598,12,52.958696
16.183255,12,52.985017
-23.142965,12,53.018939
16.960863,12,56.383469
15.695142,12,56.414177
17.135365,12,56.442492
17.077198,12,56.470946
17.501591,12,56.510393
18.284334,12,56.538922
17.61412,12,56.563092
15.288278,12,56.592064
16.266422,12,56.625654
17.205437,12,56.656237
18.165039,12,56.685923
14.750284,12,56.71384
17.291278,12,56.745516
17.851614,12,56.770773
0.379021,12,56.798721
18.665404,12,56.825198
16.988138,12,56.854535
16.563016,12,56.881258
18.704156,12,56.905865
18.230174,12,56.933128
17.719584,12,56.958467
17.233515,12,56.982626
17.695331,12,57.008543
18.743927,12,57.036044
18.213776,12,57.060147
17.77694,12,57.095461
16.96672,12,57.130165
18.723987,12,57.170435
15.718541,12,57.213451
17.164021,12,57.243901
18.642509,12,57.271334
16.114869,12,57.308352
16.355441,12,57.340366
16.604569,12,57.367294
17.308317,12,57.392421
17.405152,12,57.427675
18.368857,12,57.456514
17.373022,12,57.483588
18.004976,12,57.508354
17.067708,12,57.539043
18.047622,12,57.564605
18.591938,12,57.591041
17.998106,12,57.617722
17.459451,12,57.650783
17.833376,12,57.678137
18.071321,12,57.702559
17.224364,12,57.727376
18.08612,12,57.762308
15.743797,12,57.788873
17.681933,12,57.814317
18.29552,12,57.842847
16.363141,12,57.889308
15.288975,12,57.92448
15.239754,12,57.951182
17.237268,12,57.982309
18.062129,12,58.00763
17.797357,12,58.034726
17.060737,12,58.059649
18.278801,12,58.095925
17.895,12,58.12355
17.569074,12,58.151203
17.130601,12,58.177192
16.988723,12,58.208724
15.783158,12,58.235924
18.230939,12,58.263057
17.537797,12,58.289896
18.965089,12,58.328907
16.742263,12,58.358311
17.720098,12,58.386338
16.910135,12,58.422792
17.736907,12,58.453241
17.431407,12,58.483839
15.735069,12,58.509574
15.546522,12,58.539619
17.76412,12,58.56665
15.965747,12,58.591173
18.354407,12,58.625226
16.180166,12,58.664692
18.63811,12,58.696122
16.789575,12,58.723255
18.476764,12,58.768275
18.069969,12,58.809302
17.507465,12,58.840064
17.391936,12,58.87318
15.857294,12,58.906476
15.914251,12,58.934412
16.279968,12,58.964044
17.233012,12,59.000763
15.903802,12,59.030293
18.098051,12,59.056391
17.477352,12,59.085217
17.216676,12,59.123465
16.853598,12,59.154056
17.753166,12,59.182533
16.713334,12,59.221438
17.30455,12,59.25697
17.262726,12,59.290275
17.271701,12,59.335789
17.641515,12,59.365737
17.950142,12,59.396794
15.091043,12,59.434528
18.465411,12,59.474888
17.139125,12,59.509
17.967246,12,59.549634
10.62024,12,59.589976
15.882025,12,59.617602
18.055306,12,59.657948
16.785946,12,59.693823
14.884308,12,59.729125
17.970075,12,59.757402
16.476992,12,59.80084
17.672706,12,59.828545
18.309664,12,59.858957
18.120409,12,59.886154
16.871085,12,59.921491
18.761826,12,59.953263
15.516722,12,59.987558
17.436121,12,60.024574
17.196894,12,60.067058
15.492238,12,60.138258
16.961933,12,60.172232
17.10078,12,60.21886
18.124111,12,60.284247
16.768231,12,60.313912
18.309311,12,60.351072
16.832309,12,60.384817
18.141819,12,60.414581
17.65767,12,60.469916
16.150585,12,60.505868
15.5137,12,60.536676
15.959372,12,60.652919
17.666395,12,60.710131
17.509207,12,60.744916
18.07528,12,60.783387
15.9503,12,60.817239
16.46774,12,60.847477
18.125321,12,60.886463
18.274697,12,60.934575
18.62255,12,60.973803
17.281303,12,61.013753
6.644454,12,61.0421
18.055806,12,61.077814
17.227416,12,61.109949
17.479426,12,61.157341
17.68731,12,61.208584
18.292696,12,61.256742
16.422545,12,61.287561
17.926704,12,61.316107
17.572205,12,61.341076
17.631103,12,61.375083
9.548886,12,61.409984
16.550408,12,61.444161
16.846091,12,61.479209
16.890897,12,61.512043
15.050559,12,61.611021
17.088394,12,61.640642
17.582777,12,61.666402
17.415691,12,61.701201
17.218514,12,61.728075
17.814275,12,61.759177
17.213304,12,61.788084
16.915976,12,61.832651
18.110454,12,61.862039
18.048968,12,61.897603
15.532434,12,61.939223
17.702417,12,61.979975
16.461624,12,62.015872
17.249275,12,62.085809
16.828697,12,62.124654
18.541124,12,62.165495
16.158614,12,65.773752
17.812494,12,65.803697
17.749755,12,65.82908
17.464856,12,65.853291
18.431121,12,65.878567
18.462796,12,65.911316
18.412888,12,65.937729
17.38886,12,65.966322
17.860853,12,65.995814
17.545798,12,66.02324
18.335615,12,66.050654
18.284804,12,66.075977
18.781412,12,66.100794
17.678988,12,66.12209
16.898858,12,66.156058
17.978654,12,66.181622
17.073191,12,66.207718
19.053858,12,66.233928
17.694802,12,66.262968
17.980787,12,66.290394
16.887842,12,66.317111
16.981335,12,66.346387
16.030255,12,66.372085
17.314806,12,66.398964
18.310532,12,66.423817
16.792125,12,66.447683
18.675396,12,66.481164
16.641629,12,66.505827
17.647916,12,66.530899
18.877204,12,66.555285
17.36841,12,66.578224
17.456854,12,66.605344
17.298534,12,66.629893
16.620783,12,66.654585
16.269451,12,66.680859
17.093393,12,66.717289
17.088359,12,66.745631
18.145333,12,66.776434
18.412506,12,66.802294
18.306924,12,66.835392
16.608833,12,66.862026
17.749746,12,66.890066
16.989426,12,66.92541
12.447821,12,66.954438
17.382949,12,66.981029
18.09367,12,67.003015
16.743056,12,67.025653
16.514373,12,67.056164
17.838484,12,67.07896
17.639907,12,67.100754
18.538738,12,67.120243
17.842638,12,67.148292
18.033716,12,67.167998
18.28494,12,67.19067
17.665421,12,67.217021
18.061324,12,67.243807
17.908881,12,67.27475
18.597606,12,67.296222
17.888969,12,67.318573
17.789431,12,67.340256
18.851322,12,67.364182
16.606543,12,67.393817
17.269418,12,67.418733
17.592365,12,67.442029
17.965155,12,67.464357
17.431899,12,67.487472
17.335444,12,67.515162
16.98341,12,67.536863
19.369471,12,67.560232
15.8167,12,67.577941
17.516508,12,67.601144
16.775565,12,67.633548
17.225134,12,67.65549
17.243281,12,67.677994
16.554479,12,67.698861
16.912761,12,67.725221
18.674554,12,67.74625
17.193687,12,67.764198
17.277885,12,67.787495
15.417565,12,67.809092
17.852625,12,67.837182
17.698218,12,67.85744
18.094387,12,67.87788
17.50821,12,67.899703
15.495714,12,67.921283
18.790324,12,67.947436
18.09283,12,67.964369
18.709629,12,67.989126
18.340488,12,68.010899
16.00208,12,68.027766
17.536004,12,68.051782
17.104168,12,68.075246
17.918695,12,68.092368
17.825825,12,68.108479
18.32968,12,68.12825
17.497168,12,68.156424
17.069159,12,68.177748
18.599674,12,68.196465
17.188672,12,68.214404
19.103385,12,68.238214
16.742767,12,68.262945
18.065497,12,68.277506
17.358299,12,68.308502
17.709923,12,68.327694
18.260463,12,68.344038
17.485641,12,68.368822
16.678232,12,68.393225
18.140413,12,68.417103
17.661178,12,68.444059
17.978199,12,68.464531
17.37508,12,68.49378
18.204954,12,68.514502
16.094743,12,68.538762
18.893331,12,68.558449
17.656686,12,68.578154
16.619407,12,68.606966
17.881915,12,68.629925
18.026973,12,68.651697
18.169186,12,68.671571
17.618505,12,68.692447
16.514863,12,68.721509
17.58336,12,68.73528
17.716232,12,68.759311
18.080684,12,68.779003
17.883715,12,68.793861
17.957166,12,68.820664
16.000901,12,68.842553
17.523472,12,68.864749
17.254139,12,68.892581
16.969553,12,68.925875
16.815114,12,68.950583
17.469332,12,68.973546
17.075508,12,68.994446
18.721359,12,69.016392
19.20286,12,69.042342
17.154313,12,69.065623
17.871474,12,69.078348
16.639853,12,69.115983
17.596973,12,69.137291
16.742018,12,69.159201
17.935721,12,69.18584
17.061542,12,69.202541
17.892777,12,69.227532
17.503622,12,69.242456
16.609065,12,69.27175
16.880637,12,69.2925
17.147962,12,69.31459
17.858096,12,69.327786
17.432472,12,69.352462
17.256254,12,69.375136
17.467589,12,69.394051
18.680074,12,69.414937
17.29751,12,69.42785
16.700821,12,69.453776
17.327041,12,69.471965
18.554026,12,69.49219
16.895977,12,69.514567
8.009914,12,69.533696
17.155015,12,69.553293
18.659922,12,69.574999
14.643437,12,69.59816
17.967197,12,69.614969
18.272308,12,69.6369
18.608468,12,69.650312
18.814564,12,69.672705
18.388546,12,69.692203
17.270423,12,69.71495
16.848918,12,69.727764
17.410004,12,69.753194
18.198703,12,69.774961
16.677245,12,69.795696
16.723137,12,72.121755
17.691943,12,72.143016
16.988979,12,72.165662
17.463084,12,72.183095
17.65752,12,72.21084
18.345438,12,72.227421
17.212486,12,72.254772
18.110341,12,72.272029
17.642896,12,72.29178
17.027338,12,72.314814
18.659282,12,72.337537
18.381143,12,72.357985
17.359524,12,72.374676
16.6674,12,72.393776
17.910243,12,72.41692
18.560543,12,72.438254
17.357002,12,72.461908
18.002441,12,72.477631
17.521534,12,72.498605
17.574711,12,72.514648
11.636919,12,72.544429
18.45517,12,72.564243
17.665866,12,72.582425
17.631695,12,72.602967
17.649116,12,72.621754
17.366849,12,72.643275
17.619003,12,72.666425
18.098745,12,72.688815
17.641659,12,72.708544
17.816698,12,72.727681
17.84931,12,72.758343
14.776225,12,72.774615
17.299998,12,72.79652
17.747933,12,72.816932
17.453138,12,72.837682
17.068249,12,72.858507
17.743376,12,72.878237
18.332158,12,72.897915
16.47602,12,72.914969
18.272137,12,72.939717
17.312068,12,72.957873
16.630376,12,72.977814
17.834668,12,72.999738
17.226952,12,73.02017
16.955335,12,73.040274
16.858842,12,73.058375
16.77158,12,73.088175
18.246316,12,73.108397
18.132437,12,73.127422
17.459272,12,73.14431
3.386569,12,73.165043
18.211048,12,73.185634
17.127456,12,73.210243
18.566338,12,73.227972
18.20972,12,73.251418
17.6222,12,73.27428
16.453288,12,73.303547
16.916822,12,73.32668
18.265951,12,73.350842
17.93902,12,73.370049
17.310851,12,73.387874
18.629657,12,73.409292
18.503582,12,73.428238
18.461231,12,73.452466
16.839049,12,73.474355
19.7133,12,73.495256
17.425834,12,73.521112
18.060576,12,73.54173
15.407919,12,73.560821
16.744521,12,73.578176
18.991,12,73.593491
19.086831,12,73.620745
18.274355,12,73.641661
18.692187,12,73.659727
16.212811,12,73.679994
19.191324,12,73.69785
17.830989,12,73.714214
17.546271,12,73.741332
16.599237,12,73.7624
17.927062,12,73.781645
14.440204,12,73.793814
18.11127,12,73.821867
17.575361,12,73.846375
17.722049,12,73.868751
17.784789,12,73.888438
17.889031,12,73.908425
18.706674,12,73.928209
17.666908,12,73.948017
18.181629,12,73.974422
12.946893,12,73.995639
18.180717,12,74.012957
18.174427,12,74.028281
17.713491,12,74.058272
18.711242,12,74.078112
19.081363,12,74.092461
16.46032,12,74.11824
16.098214,12,74.141147
17.933913,12,74.166422
18.257779,12,74.186887
18.673339,12,74.199563
16.71053,12,74.224658
17.580253,12,74.243433
17.976205,12,74.25814
18.063875,12,74.288368
18.163968,12,74.309777
19.045941,12,74.335141
17.374954,12,74.365155
17.218153,12,74.396584
16.686885,12,74.42455
18.718043,12,74.44974
17.649332,12,74.478076
18.646245,12,74.50603
17.28153,12,74.530013
17.571951,12,74.552386
16.054516,12,74.575517
17.089829,12,74.602179
17.251173,12,74.621547
17.924105,12,74.648208
17.589487,12,74.665787
18.781673,12,74.677685
15.841923,12,74.714474
18.623837,12,74.739391
17.662642,12,74.762942
18.503283,12,74.779647
17.420776,12,74.806887
17.564656,12,74.827603
17.927153,12,74.849361
16.552822,12,74.873696
17.972216,12,74.892623
17.41438,12,74.909031
18.425228,12,74.933695
17.350047,12,74.958265
18.118313,12,74.979983
16.034582,12,74.998462
18.504517,12,75.029469
17.659668,12,75.053745
19.039376,12,75.074298
17.252336,12,75.096026
16.997214,12,75.119017
18.056039,12,75.143152
18.019276,12,75.166872
16.399092,12,75.190467
17.553425,12,75.214903
17.103986,12,75.228064
17.909983,12,75.260555
17.456349,12,75.27748
18.60754,12,75.304154
17.98439,12,75.321799
17.512968,12,75.34407
16.241235,12,75.36944
17.462063,12,75.391161
17.262737,12,75.415311
18.333001,12,75.434384
16.996686,12,75.464476
18.514131,12,75.488017
17.288279,12,75.512552
16.425541,12,75.537047
18.159806,12,75.558241
18.138449,12,75.582394
14.981922,12,75.604665
17.884702,12,75.624102
17.736947,12,75.645776
18.457944,12,75.66445
17.258207,12,75.697439
18.256718,12,75.722691
16.886061,12,75.745576
18.443153,12,75.765244
17.930764,12,75.788929
19.070933,12,75.811824
18.230215,12,75.828197
17.956918,12,75.854582
18.187069,12,78.319101
18.380218,12,78.335
17.004176,12,78.357828
17.692082,12,78.373887
18.646692,12,78.402636
18.137336,12,78.423922
18.18954,12,78.440638
18.013439,12,78.467266
17.00383,12,78.491915
18.160597,12,78.516658
17.168583,12,78.540891
17.799725,12,78.557717
16.573996,12,78.577689
16.844004,12,78.602156
17.947449,12,78.624028
17.866346,12,78.642855
19.264825,12,78.665068
17.906067,12,78.686907
19.034544,12,78.712144
17.996137,12,78.736392
17.179766,12,78.757685
18.49324,12,78.773858
17.891765,12,78.791038
18.592637,12,78.820452
18.941122,12,78.844454
17.473211,12,78.86684
18.673195,12,78.88879
18.125051,12,78.911969
17.994272,12,78.940661
18.80313,12,78.957816
19.152673,12,78.983665
19.005411,12,79.004243
18.31661,12,79.029797
18.143981,12,79.054409
19.196334,12,79.073826
16.658149,12,79.093943
17.303497,12,79.120231
18.151713,12,79.146137
18.955187,12,79.171698
17.309083,12,79.190863
18.162468,12,79.212645
18.243185,12,79.23732
18.50365,12,79.258615
18.000806,12,79.285098
17.745249,12,79.302079
18.954337,12,79.327733
18.205943,12,79.347398
17.945266,12,79.373762
18.527436,12,79.390608
17.621377,12,79.407569
18.875794,12,79.427663
18.04954,12,79.444777
17.243376,12,79.464415
18.582559,12,79.485515
18.375338,12,79.504628
17.094404,12,79.521793
18.247137,12,79.540852
18.242608,12,79.557513
17.863,12,79.577819
18.553864,12,79.596446
18.472025,12,79.61452
17.467631,12,79.636497
17.883212,12,79.652416
18.408095,12,79.669721
19.171368,12,79.690831
18.234711,12,79.711454
18.9242,12,79.727476
17.324196,12,79.740842
16.400701,12,79.765301
18.805112,12,79.777556
17.897476,12,79.797459
12.274133,12,79.827775
17.484038,12,79.845472
18.317411,12,79.871821
17.99096,12,79.896806
18.139606,12,79.923264
18.853056,12,79.944797
18.448876,12,79.959626
17.275862,12,79.977682
18.037472,12,79.996435
17.894276,12,80.017565
17.722135,12,80.043704
17.850653,12,80.064157
18.352855,12,80.083608
18.480456,12,80.099014
16.377247,12,80.115705
15.309792,12,80.131799
18.55547,12,80.159256
16.893506,12,80.177654
17.145585,12,80.195811
17.026768,12,80.214581
18.263039,12,80.228369
18.227288,12,80.243956
17.871781,12,80.269095
18.402169,12,80.290741
18.344343,12,80.307339
17.049961,12,80.328499
18.2978,12,80.340754
18.202442,12,80.357452
18.726229,12,80.377632
18.758528,12,80.4074
17.97428,12,80.426625
19.030051,12,80.440747
17.356682,12,80.46099
18.381693,12,80.477863
18.13318,12,80.501358
18.429432,12,80.518081
17.45449,12,80.535253
18.000789,12,80.555829
18.395459,12,80.573004
18.291551,12,80.595097
18.343767,12,80.619835
18.540565,12,80.636497
18.817666,12,80.65219
18.516203,12,80.669452
18.963456,12,80.687457
17.27879,12,80.709377
17.853614,12,80.727539
16.511787,12,80.756915
17.305019,12,80.771577
18.488823,12,80.793879
18.573577,12,80.820655
18.204823,12,80.827696
18.494067,12,80.854496
17.895075,12,80.878343
18.588878,12,80.894469
17.13299,12,80.917058
18.405843,12,80.937586
17.800668,12,80.957116
13.727787,12,80.974447
18.24342,12,80.996099
18.843448,12,81.014874
18.086372,12,81.044938
17.649501,12,81.056864
18.369352,12,81.077587
17.163195,12,81.098711
16.449506,12,81.118028
18.510178,12,81.141883
18.988232,12,81.158557
18.380196,12,81.178402
17.364175,12,81.196203
18.259647,12,81.207249
18.342438,12,81.227662
19.012082,12,81.253998
17.583664,12,81.270656
18.117673,12,81.290598
17.742554,12,81.307631
18.302878,12,81.32366
18.180816,12,81.343101
18.392443,12,81.375518
17.887554,12,81.398272
18.397886,12,81.424046
18.068195,12,81.447468
17.062524,12,81.475626
18.557598,12,81.496167
18.001142,12,81.516543
18.338955,12,81.537822
18.050239,12,81.559705
19.044413,12,81.580369
18.603192,12,81.591629
18.425706,12,81.615833
17.43853,12,81.627655
17.635222,12,81.647194
16.546233,12,81.666152
18.296004,12,81.678095
19.016017,12,81.707238
17.983527,12,81.728275
17.277489,12,81.754626
17.962576,12,81.772166
18.307152,12,81.793093
18.818862,12,83.991517
17.902985,12,84.010861
18.739318,12,84.027794
18.275474,12,84.052461
18.22614,12,84.073117
18.144695,12,84.093201
18.56485,12,84.109524
17.753085,12,84.13342
17.915158,12,84.152912
17.638694,12,84.165157
17.268607,12,84.177556
18.740256,12,84.196291
18.147961,12,84.223093
18.502204,12,84.248325
18.287247,12,84.268338
18.217046,12,84.290357
19.324677,12,84.313717
19.070728,12,84.338056
18.789555,12,84.356694
18.223618,12,84.374455
18.671489,12,84.39293
16.501641,12,84.41532
17.937348,12,84.438972
17.61605,12,84.464353
18.239661,12,84.485491
17.263199,12,84.505823
18.905688,12,84.523098
18.35263,12,84.54026
17.27632,12,84.565217
18.034771,12,84.577651
18.799183,12,84.604693
18.722213,12,84.622077
18.581778,12,84.640177
18.159267,12,84.656912
17.844905,12,84.679428
18.649582,12,84.693743
17.146049,12,84.71872
18.311973,12,84.737239
17.603734,12,84.754217
19.010552,12,84.773032
18.371097,12,84.795016
18.184612,12,84.807792
18.747706,12,84.827691
17.909353,12,84.846313
18.446593,12,84.870292
18.836918,12,84.892138
18.75295,12,84.906882
18.77037,12,84.923046
17.358461,12,84.943775
18.43999,12,84.960223
17.515411,12,84.978157
18.739878,12,85.006668
17.823332,12,85.027424
18.457473,12,85.041176
19.335012,12,85.057697
18.399484,12,85.081502
17.897715,12,85.097867
18.22643,12,85.11883
8.862318,12,85.14126
14.098746,12,85.164306
17.905928,12,85.177961
18.347246,12,85.194322
17.641987,12,85.214982
19.418134,12,85.242204
18.125968,12,85.258532
17.326781,12,85.277712
19.078699,12,85.297247
17.711787,12,85.314837
18.602503,12,85.327798
17.993075,12,85.35271
18.310331,12,85.371892
18.86436,12,85.389462
17.253485,12,85.406929
17.457356,12,85.423693
19.69214,12,85.444137
18.69126,12,85.464282
16.97963,12,85.47772
19.10207,12,85.500476
18.146392,12,85.517928
15.015187,12,85.533592
18.892413,12,85.549212
19.409357,12,85.573089
17.876952,12,85.597498
18.625108,12,85.616296
18.581524,12,85.638249
17.337179,12,85.661254
16.866137,12,85.685471
18.691176,12,85.70838
18.709173,12,85.727768
14.905686,12,85.74143
18.374765,12,85.76612
17.284109,12,85.777732
19.046567,12,85.80776
18.918734,12,85.827704
18.427262,12,85.847002
18.581632,12,85.874471
17.981796,12,85.893453
17.250193,12,85.914474
18.272354,12,85.940264
18.164693,12,85.957111
17.603675,12,85.977841
16.92777,12,85.990226
17.761225,12,86.00699
18.300308,12,86.036555
17.742548,12,86.057089
17.871099,12,86.073368
17.881606,12,86.090205
18.279285,12,86.112041
19.410298,12,86.128524
19.101923,12,86.155505
17.370643,12,86.173604
18.72326,12,86.190192
17.876923,12,86.209496
18.58703,12,86.228118
18.101236,12,86.243416
18.562423,12,86.27787
16.605373,12,86.290212
18.752575,12,86.314439
18.763418,12,86.334069
19.442101,12,86.352851
17.578884,12,86.377571
18.423298,12,86.390771
19.519534,12,86.414276
18.116335,12,86.427625
17.671089,12,86.453471
17.583776,12,86.483225
18.324211,12,86.506511
18.438446,12,86.530842
18.359658,12,86.551895
17.553218,12,86.573579
18.616877,12,86.598678
17.729831,12,86.623404
18.839914,12,86.643802
18.421482,12,86.664594
18.320288,12,86.684055
17.825472,12,86.695112
18.432469,12,86.730626
18.962858,12,86.756407
17.202022,12,86.777384
17.531027,12,86.790012
16.598415,12,86.811418
18.991941,12,86.834319
18.313108,12,86.857534
18.450043,12,86.877645
19.749992,12,86.893677
18.645851,12,86.912293
18.189983,12,86.93412
18.348713,12,86.94983
18.260162,12,86.969477
18.407731,12,86.98312
18.198824,12,87.010884
19.157244,12,87.028065
17.574404,12,87.04523
17.80836,12,87.064631
19.036856,12,87.08982
16.831979,12,87.110207
18.078969,12,87.133295
18.226554,12,87.156399
17.969008,12,87.17277
18.757329,12,87.191562
17.962764,12,87.20809
18.678976,12,87.230244
17.735531,12,87.248088
18.452372,12,87.27218
19.374038,12,87.291176
18.070318,12,87.308414
19.061425,12,87.328296
17.085947,12,87.345791
18.170183,12,87.362045
18.862801,12,87.383975
18.119462,12,87.402003
18.056138,12,89.564673
17.767967,12,89.577896
15.575126,12,89.604751
18.390303,12,89.624264
19.22562,12,89.646306
17.243002,12,89.666328
18.600563,12,89.682272
17.416559,12,89.707334
18.283543,12,89.725282
18.654535,12,89.739856
15.071064,12,89.761307
18.133339,12,89.77765
18.721207,12,89.798856
19.027605,12,89.821962
18.568461,12,89.841311
18.359671,12,89.860423
19.106779,12,89.872394
18.871814,12,89.894742
17.717367,12,89.914531
16.960084,12,89.941301
18.16579,12,89.964592
19.032023,12,89.977807
18.676757,12,89.997565
18.824845,12,90.023277
19.177304,12,90.039681
14.709149,12,90.070303
18.481735,12,90.089813
18.431261,12,90.106494
18.626213,12,90.127436
14.488998,12,90.151253
18.956431,12,90.173454
17.844773,12,90.189995
18.301709,12,90.222536
19.157734,12,90.253223
18.77625,12,90.281939
17.46661,12,90.308523
17.867943,12,90.340479
18.023835,12,90.377145
19.727822,12,90.403378
19.162769,12,90.427572
18.654911,12,90.448725
19.053096,12,90.476886
18.898428,12,90.492712
18.548852,12,90.520785
18.63162,12,90.541675
18.057021,12,90.556535
18.978318,12,90.586838
15.748493,12,90.606565
18.58481,12,90.632947
17.716277,12,90.653322
18.278522,12,90.677835
19.43599,12,90.710102
18.345693,12,90.733001
19.659041,12,90.748138
18.83322,12,90.778063
18.251565,12,90.801235
19.879494,12,90.828274
18.173728,12,90.855241
18.111201,12,90.880999
17.616006,12,90.906964
18.608716,12,90.932985
18.085881,12,90.959467
18.061887,12,90.981729
17.644264,12,91.013868
17.60828,12,91.044398
18.198492,12,91.07588
18.047294,12,91.104976
17.387317,12,91.137338
17.802852,12,91.16613
19.129006,12,91.193417
17.456527,12,91.217855
-5.66983,12,91.228193
19.190635,12,91.256865
17.542976,12,91.282946
18.671277,12,91.302755
18.22578,12,91.321757
18.384553,12,91.343084
19.085028,12,91.359392
18.452076,12,91.38443
17.694236,12,91.400541
18.818268,12,91.417431
18.546583,12,91.439223
18.494646,12,91.457874
18.363805,12,91.483999
17.889657,12,91.506546
18.593002,12,91.527521
18.717989,12,91.551549
16.65883,12,91.572186
18.530271,12,91.597759
19.395518,12,91.62152
16.2514,12,91.639277
18.076868,12,91.664778
18.236143,12,91.691174
18.154806,12,91.707858
18.596673,12,91.735657
18.916677,12,91.761301
19.30473,12,91.781113
18.592107,12,91.794786
18.893743,12,91.822135
17.487524,12,91.839335
18.0011,12,91.860021
17.745145,12,91.882078
10.834844,12,91.90012
18.840618,12,91.925718
18.636485,12,91.947907
18.907907,12,91.970337
18.753183,12,91.995203
18.134054,12,92.014798
17.550093,12,92.039083
19.283296,12,92.060968
17.840469,12,92.08369
17.981233,12,92.156021
18.545488,12,92.178213
18.625339,12,92.216625
18.572724,12,92.249353
18.908093,12,92.27319
18.936646,12,92.292318
19.478352,12,92.316496
18.335221,12,92.339051
18.702546,12,92.367905
18.970442,12,92.391807
18.521485,12,92.409908
18.446368,12,92.435189
18.312556,12,92.458207
18.801443,12,92.492763
18.356934,12,92.516669
18.664894,12,92.544681
18.26331,12,92.572745
19.184856,12,92.60657
18.300344,12,92.631883
18.730454,12,92.657693
18.409656,12,92.714075
18.266106,12,92.737684
18.434052,12,92.756553
17.93531,12,92.778046
18.373559,12,92.799948
17.137021,12,92.824599
17.249064,12,92.840788
18.575637,12,92.867209
17.449948,12,92.888841
17.577498,12,92.907872
18.793329,12,92.940281
18.384708,12,92.957728
18.735552,12,92.977747
16.066787,12,92.99511
17.761537,12,93.016846
18.756143,12,93.048775
18.407006,12,93.074002
17.879127,12,93.094893
18.48595,12,93.11424
18.883064,12,93.139639
18.129488,12,93.168783
18.71199,12,93.193956
18.355023,12,93.215934
19.05185,12,93.239147
18.680798,12,93.255605
18.271187,12,93.278224
18.2287,12,93.299775
18.561173,12,93.320626
18.525392,12,93.339408
18.491968,12,93.355885
16.186708,12,93.378206
18.100888,12,93.401822
17.624083,12,93.421834
18.031426,12,93.442152
13.741561,12,93.458208
18.384757,12,93.478115
18.275175,12,93.498907
17.98712,12,93.517751
18.207641,12,93.531332
17.644108,12,93.555815
18.243594,12,95.518163
18.7305,12,95.538707
18.45359,12,95.555278
19.110527,12,95.571622
19.250662,12,95.590278
19.109337,12,95.606946
17.968199,12,95.62797
15.148775,12,95.646801
19.615864,12,95.664091
17.77415,12,95.681209
18.698801,12,95.701701
18.639299,12,95.718229
17.613529,12,95.734337
18.411021,12,95.751073
19.603279,12,95.770309
18.396533,12,95.788369
19.234242,12,95.807675
18.654373,12,95.822133
19.241835,12,95.840229
18.703941,12,95.856936
17.3945,12,95.88019
18.974706,12,95.897556
17.393218,12,95.919708
18.252842,12,95.938741
18.886847,12,95.954921
17.096178,12,95.9714
17.977405,12,95.989074
18.156739,12,96.009756
18.247418,12,96.032969
19.157386,12,96.054189
19.172719,12,96.072087
18.326646,12,96.089192
15.527465,12,96.105225
18.373502,12,96.122077
19.035786,12,96.142575
18.652734,12,96.16431
17.541327,12,96.177905
18.719599,12,96.199024
18.34309,12,96.216362
18.865583,12,96.232289
17.357381,12,96.255308
18.694982,12,96.271576
15.773815,12,96.288286
17.421664,12,96.307381
18.049417,12,96.324373
18.836968,12,96.338453
15.048326,12,96.361776
13.427337,12,96.378104
18.304375,12,96.39393
18.67785,12,96.410111
18.682748,12,96.427577
18.349528,12,96.442455
18.483916,12,96.46705
18.589659,12,96.488651
18.300515,12,96.504855
18.252557,12,96.52153
19.009117,12,96.5414
15.597626,12,96.555245
18.194801,12,96.572771
18.308722,12,96.595992
19.136453,12,96.604842
18.596037,12,96.627796
19.133545,12,96.643858
18.796015,12,96.664855
17.774575,12,96.677878
18.785394,12,96.703672
16.249333,12,96.717403
15.857264,12,96.738348
17.627578,12,96.754835
18.748975,12,96.772006
17.743788,12,96.792751
18.887493,12,96.807538
18.866069,12,96.829453
17.787585,12,96.844483
18.874809,12,96.864886
18.600455,12,96.884297
15.048493,12,96.905183
19.048114,12,96.921358
18.161447,12,96.938211
17.882253,12,96.956058
18.656311,12,96.971469
18.507887,12,96.989765
18.460874,12,97.005301
18.895995,12,97.027769
18.795137,12,97.045208
18.238749,12,97.065221
18.083811,12,97.0863
17.577988,12,97.114442
17.202768,12,97.12915
18.706545,12,97.15057
18.330422,12,97.172021
18.63326,12,97.190222
17.706233,12,97.204762
17.974233,12,97.227909
17.909649,12,97.245465
18.722303,12,97.264358
19.108843,12,97.27852
18.967757,12,97.301105
19.06289,12,97.319871
17.460848,12,97.344846
18.808533,12,97.36687
19.251393,12,97.387629
18.787236,12,97.411138
16.283269,12,97.440125
18.57459,12,97.466373
18.084937,12,97.484581
18.541749,12,97.503339
17.20069,12,97.522091
18.370234,12,97.540882
19.090979,12,97.565666
18.370873,12,97.586596
18.264755,12,97.601959
18.000457,12,97.621906
16.344024,12,97.638816
18.648181,12,97.663432
18.590444,12,97.686774
18.757775,12,97.708513
18.578502,12,97.731987
19.193342,12,97.753063
18.364384,12,97.779341
18.244487,12,97.800591
18.025121,12,97.82128
17.722832,12,97.84231
18.351556,12,97.859286
17.174166,12,97.886403
17.712591,12,97.909568
18.568558,12,97.93488
17.842242,12,97.957995
17.802889,12,97.981927
18.777921,12,98.003974
18.986631,12,98.026066
18.592691,12,98.048578
18.440161,12,98.071945
19.099757,12,98.094143
9.366931,12,98.114712
18.832468,12,98.136741
18.040355,12,98.158815
17.576297,12,98.17924
18.558012,12,98.198122
17.181637,12,98.226646
18.581923,12,98.249123
17.760647,12,98.268555
19.116168,12,98.288494
18.879638,12,98.305513
18.635037,12,98.329471
17.90594,12,98.350854
18.706659,12,98.371266
18.245061,12,98.39212
16.186902,12,98.415252
18.895173,12,98.439525
18.861174,12,98.460665
18.776128,12,98.480258
18.229129,12,98.499412
18.423831,12,98.520499
18.160117,12,98.542854
19.156231,12,98.567656
18.818044,12,98.587781
18.868779,12,98.607816
18.01065,12,98.629856
18.794799,12,98.651784
19.309915,12,98.676121
18.451558,12,98.700136
18.95043,12,98.727115
17.746622,12,98.750305
18.614179,12,98.774421
16.931442,12,98.795162
18.49202,12,98.815094
18.652052,12,98.834948
17.789066,12,98.852767
18.48164,12,98.875451
17.349441,12,101.416994
18.853963,12,101.43962
17.609218,12,101.461059
18.474966,12,101.484104
18.289348,12,101.511799
18.592518,12,101.53205
18.75929,12,101.551826
18.154998,12,101.577826
18.685014,12,101.599526
18.554113,12,101.627645
18.886988,12,101.649074
18.513117,12,101.67192
19.113353,12,101.693636
18.408001,12,101.723589
17.374713,12,101.749231
19.015131,12,101.773701
11.969647,12,101.802649
19.205668,12,101.835943
19.034249,12,101.862385
18.125929,12,101.889237
18.460619,12,101.918031
18.948705,12,101.948909
18.090846,12,101.978257
18.884859,12,101.998387
14.683044,12,102.020882
18.402661,12,102.04203
19.069766,12,102.067232
19.152195,12,102.091088
19.243566,12,102.112681
18.825163,12,102.134009
17.864413,12,102.155882
18.363795,12,102.181329
18.917502,12,102.202786
17.580579,12,102.225058
18.19509,12,102.247704
19.503782,12,102.266452
18.886265,12,102.299798
18.553175,12,102.32363
18.997346,12,102.345649
18.425672,12,102.368171
18.688167,12,102.397724
18.565503,12,102.419566
18.5917,12,102.443686
18.131315,12,102.460997
18.26815,12,102.484633
18.554424,12,102.511103
17.972471,12,102.536448
18.531536,12,102.561797
18.913607,12,102.58302
19.043565,12,102.606773
19.47774,12,102.634651
18.567253,12,102.658067
18.931272,12,102.680477
19.062761,12,102.705687
18.34751,12,102.739397
18.846874,12,102.764534
18.245692,12,102.786745
18.507269,12,102.812446
18.384876,12,102.840888
18.354729,12,102.867082
17.983604,12,102.889054
19.137282,12,102.910457
17.624902,12,102.933548
18.301036,12,102.95829
18.811383,12,102.988536
17.89241,12,103.011513
18.109881,12,103.033391
18.832852,12,103.055648
18.50064,12,103.082217
18.578016,12,103.10845
18.4608,12,103.128625
18.819766,12,103.148363
19.11512,12,103.17123
19.165547,12,103.198846
19.360818,12,103.223613
18.010462,12,103.245572
18.724673,12,103.267272
17.759881,12,103.291662
17.695084,12,103.320666
17.627826,12,103.34421
18.615528,12,103.376189
17.533335,12,103.407289
17.44564,12,103.440093
18.21335,12,103.476509
19.404797,12,103.50737
17.707993,12,103.542744
17.245093,12,103.575704
18.551687,12,103.606124
17.764576,12,103.64478
18.20383,12,103.670787
18.478198,12,103.697174
18.329249,12,103.721796
18.128891,12,103.752909
18.466868,12,103.780717
18.220534,12,103.806191
18.594559,12,103.830829
18.658764,12,103.861145
18.319212,12,103.888362
18.720915,12,103.909838
18.666584,12,103.931743
18.468992,12,103.953008
17.657012,12,103.990374
18.523219,12,104.016603
19.2455,12,104.04141
18.716641,12,104.060734
17.396203,12,104.087578
19.27585,12,104.111247
15.86208,12,104.134846
18.940663,12,104.157899
19.510153,12,104.184466
17.391726,12,104.204144
19.002789,12,104.225019
18.086359,12,104.246723
18.406785,12,104.270994
17.810842,12,104.294579
18.668293,12,104.322478
18.824581,12,104.343132
18.555349,12,104.36282
17.611263,12,104.382809
18.141088,12,104.390123
17.701911,12,104.428279
18.66379,12,104.45047
18.982726,12,104.471622
17.514584,12,104.492862
18.904676,12,104.523346
17.001435,12,104.545012
15.010811,12,104.564347
17.899334,12,104.577633
18.01883,12,104.603946
19.043955,12,104.629302
18.141404,12,104.653048
17.665484,12,104.672528
17.902702,12,104.694284
18.385058,12,104.714973
18.972162,12,104.72773
18.479397,12,104.755643
19.04962,12,104.77769
18.170975,12,104.798206
18.493338,12,104.822945
19.342524,12,104.848317
17.811584,12,104.872177
18.44792,12,104.889089
17.734011,12,104.910236
17.808429,12,104.927677
17.53207,12,104.945976
17.962153,12,104.976446
18.503432,12,104.994225
17.814226,12,105.016409
17.952306,12,105.039093
18.808597,12,105.056114
18.485691,12,105.080678
18.505498,12,105.100426
18.894471,12,105.119225
18.188899,12,105.139785
18.856855,12,105.158176
18.25437,12,105.177934
18.167299,12,105.204966
18.804288,12,105.223784
17.777717,12,105.24355
18.273592,12,105.264899
18.923996,12,105.287782
18.307021,12,105.311115
18.196337,12,105.336519
18.109245,12,105.362197
18.263885,12,105.388262
18.351068,12,105.414417
18.462117,12,105.443309
16.749416,12,105.463408
19.299289,12,105.488491
18.390741,12,105.513059
18.515361,12,105.547615
18.930403,12,108.397955
18.839626,12,108.435627
18.924686,12,108.469011
18.450107,12,108.498884
19.093756,12,108.527873
18.296498,12,108.564609
18.481822,12,108.592894
18.420359,12,108.619955
18.390418,12,108.648019
18.716424,12,108.682612
18.515454,12,108.713103
17.590937,12,108.746716
18.925362,12,108.775178
19.121361,12,108.805583
17.952945,12,108.83298
18.384909,12,108.862317
19.018228,12,108.924098
18.672289,12,108.952307
18.654322,12,108.980252
18.714315,12,109.010855
15.909789,12,109.043693
17.873514,12,109.091819
17.759201,12,109.129569
18.941365,12,109.154936
9.538686,12,109.17732
17.832377,12,109.203784
18.401806,12,109.227982
17.745739,12,109.257423
18.469378,12,109.282546
17.63212,12,109.309647
19.16627,12,109.334303
18.536158,12,109.36295
18.98235,12,109.387654
17.65568,12,109.409661
18.746804,12,109.435324
17.251293,12,109.458862
19.213198,12,109.485358
10.67777,12,109.508382
19.011878,12,109.531927
18.257132,12,109.556483
19.154541,12,109.583696
18.271038,12,109.60836
18.306018,12,109.635184
18.172738,12,109.659328
18.075455,12,109.681922
18.519177,12,109.713835
18.975398,12,109.741851
18.202476,12,109.767196
18.937312,12,109.790885
18.565117,12,109.81976
19.004156,12,109.845472
19.336189,12,109.871442
18.889004,12,109.89626
18.809229,12,109.92428
19.258721,12,109.949404
18.067984,12,109.972467
18.13777,12,109.997793
18.873127,12,110.02413
17.527847,12,110.053714
17.531188,12,110.076731
18.731541,12,110.099648
17.50303,12,110.124281
18.83063,12,110.151431
18.080749,12,110.174604
15.841368,12,110.197515
18.700714,12,110.220924
17.956718,12,110.245234
17.477053,12,110.272433
18.484106,12,110.297075
14.714367,12,110.318098
18.95581,12,110.342411
18.182756,12,110.368823
19.239849,12,110.400987
18.451214,12,110.42509
14.332464,12,110.44863
19.168954,12,110.471374
18.793415,12,110.494465
18.915693,12,110.519132
19.123141,12,110.541805
18.30098,12,110.569555
18.126233,12,110.598753
18.807834,12,110.631975
19.106041,12,110.654177
19.472858,12,110.679701
17.767681,12,110.702329
18.20107,12,110.726608
19.34078,12,110.754596
18.343847,12,110.777037
18.599011,12,110.799162
18.081768,12,110.821977
18.905715,12,110.848548
18.209864,12,110.874044
18.927896,12,110.894354
18.634032,12,110.915382
18.604811,12,110.93696
18.120503,12,110.962391
18.975211,12,110.984588
18.699789,12,111.007284
18.030286,12,111.027592
18.715096,12,111.049071
17.257101,12,111.076143
18.964433,12,111.09893
18.929564,12,111.120234
18.498674,12,111.142145
19.367282,12,111.164577
18.155896,12,111.192912
18.389785,12,111.214547
18.345988,12,111.236808
19.034959,12,111.259971
16.693517,12,111.282971
19.045411,12,111.310238
19.137528,12,111.331509
19.090318,12,111.356096
19.208479,12,111.379293
18.63325,12,111.4025
18.832249,12,111.431582
18.025229,12,111.457556
19.143137,12,111.485054
17.590129,12,111.507863
18.191844,12,111.535956
18.394135,12,111.561821
17.010352,12,111.587133
18.415519,12,111.612417
19.090507,12,111.644203
18.659463,12,111.667999
18.803242,12,111.691825
19.131767,12,111.718329
17.622309,12,111.744744
18.059812,12,111.771489
18.06772,12,111.796066
18.715099,12,111.823555
18.783734,12,111.848484
17.43933,12,111.877887
18.668179,12,111.901687
18.996259,12,111.931082
17.61705,12,111.958054
18.808157,12,111.988546
18.458618,12,112.014366
18.53714,12,112.037721
18.633846,12,112.061393
18.487341,12,112.088083
18.055199,12,112.112432
19.516916,12,112.134294
17.196492,12,112.158727
18.877013,12,112.183166
17.856989,12,112.212261
18.623489,12,112.240761
19.094487,12,112.266159
18.450258,12,112.292482
18.930432,12,112.319851
17.678791,12,112.346921
18.400968,12,112.371578
18.769878,12,112.392568
19.047799,12,112.416801
18.501867,12,112.446328
19.095575,12,112.47008
19.062066,12,112.495788
18.293168,12,112.517125
17.901688,12,112.539505
19.239315,12,112.565776
18.390672,12,112.588235
18.607307,12,112.61027
18.867947,12,112.633985
18.587273,12,112.660186
18.874937,12,112.689781
19.239037,12,112.715655
18.216438,12,112.739869
18.078748,12,112.76765
18.655162,12,112.804763
18.782039,12,112.82967
18.396742,12,112.854307
17.126919,12,115.664455
18.567898,12,115.690358
18.58278,12,115.711667
17.716895,12,115.736905
17.778819,12,115.760393
19.337881,12,115.787759
19.007017,12,115.81247
18.764674,12,115.842653
18.854029,12,115.865986
18.682257,12,115.891123
18.709964,12,115.916985
18.494677,12,115.949185
19.098553,12,115.974521
18.805819,12,115.998929
19.359323,12,116.02064
17.807077,12,116.043628
18.244729,12,116.068012
18.780041,12,116.089029
18.850878,12,116.112084
18.03851,12,116.13736
18.155133,12,116.158675
19.01239,12,116.186958
19.030628,12,116.209388
19.629393,12,116.232638
19.256296,12,116.255317
18.746396,12,116.277108
17.738998,12,116.30272
19.274953,12,116.323303
15.263731,12,116.343722
19.280122,12,116.365889
18.223034,12,116.385766
18.865991,12,116.411013
18.59639,12,116.434485
18.891199,12,116.459556
19.108275,12,116.483257
18.448797,12,116.505238
18.472716,12,116.533539
19.01467,12,116.556068
17.891312,12,116.580112
17.682457,12,116.601695
19.188581,12,116.624702
19.423841,12,116.651879
19.143831,12,116.677125
18.007171,12,116.69879
18.296618,12,116.720599
18.635215,12,116.746482
18.861698,12,116.769532
18.301518,12,116.793303
18.837149,12,116.820051
18.603425,12,116.844425
18.320849,12,116.87408
18.802274,12,116.894863
19.206928,12,116.917187
19.49121,12,116.940166
19.05464,12,116.960405
18.727756,12,116.988314
18.973391,12,117.00962
18.919646,12,117.032637
19.251034,12,117.058808
18.890423,12,117.089477
18.093792,12,117.111833
18.60494,12,117.133307
18.55606,12,117.162766
18.145344,12,117.197174
18.211852,12,117.224927
19.114711,12,117.249279
18.958967,12,117.273407
18.090866,12,117.295974
18.522306,12,117.324862
18.943306,12,117.347772
18.649452,12,117.369695
18.412099,12,117.394723
18.175742,12,117.425325
19.20835,12,117.448336
18.432367,12,117.469945
18.799138,12,117.493608
18.688069,12,117.516645
18.703332,12,117.541774
18.784137,12,117.562342
19.51061,12,117.584389
18.372033,12,117.605541
18.893045,12,117.631876
17.691809,12,117.655111
18.734079,12,117.677745
18.031204,12,117.700164
18.620159,12,117.723553
18.40705,12,117.751323
17.997754,12,117.772063
18.73605,12,117.791524
19.446632,12,117.811457
18.204504,12,117.835341
18.457928,12,117.85899
18.256529,12,117.87993
18.799156,12,117.903062
19.119431,12,117.925746
19.037399,12,117.945337
18.444713,12,117.970995
18.959637,12,117.992578
18.628525,12,118.01503
18.231728,12,118.039139
18.846612,12,118.060208
18.663325,12,118.090254
17.251871,12,118.110802
19.197192,12,118.13373
19.344412,12,118.155882
18.708384,12,118.177509
18.808573,12,118.202081
19.011192,12,118.224637
18.788517,12,118.244573
17.666582,12,118.263961
17.936163,12,118.285716
18.845473,12,118.306361
18.364279,12,118.332809
18.20275,12,118.356515
18.483151,12,118.378272
18.915806,12,118.39973
17.777261,12,118.421506
18.998007,12,118.451555
19.376772,12,118.474602
18.984845,12,118.495664
18.868328,12,118.524436
18.472,12,118.547584
18.530763,12,118.577749
18.470498,12,118.598572
18.951479,12,118.622564
17.622554,12,118.64538
19.586704,12,118.675129
18.995106,12,118.698909
19.487702,12,118.720294
19.043503,12,118.74227
19.21337,12,118.765356
18.240132,12,118.792423
18.935671,12,118.812567
18.586784,12,118.834965
19.190826,12,118.859121
19.189961,12,118.880485
17.548002,12,118.904355
19.034821,12,118.924977
19.412994,12,118.950656
19.011056,12,118.973194
18.456376,12,119.001605
18.540669,12,119.022222
18.903427,12,119.044562
18.430588,12,119.070984
19.039466,12,119.099477
18.364344,12,119.12731
19.282112,12,119.152612
18.558188,12,119.174798
18.257778,12,119.201488
18.51874,12,119.249507
18.702385,12,119.278077
19.115216,12,119.303828
18.578388,12,119.329229
18.439997,12,119.362957
18.70552,12,119.394974
18.447563,12,119.421444
18.734547,12,119.456296
19.425904,12,119.487397
18.892554,12,119.511365
19.401018,12,119.538536
17.926213,12,119.569146
18.899369,12,119.592891
19.40681,12,119.62025
19.240386,12,119.639052
18.797623,12,119.661042
18.771119,12,119.688007
18.442681,12,119.714342
19.022768,12,119.741149
18.929622,12,119.766075
18.976536,12,119.790699
18.806628,12,122.437769
19.061657,12,122.463353
18.886021,12,122.488673
19.436333,12,122.512182
19.266599,12,122.534319
18.486442,12,122.562914
19.206091,12,122.588149
18.304024,12,122.611683
18.557546,12,122.634253
19.210576,12,122.65602
19.04963,12,122.681913
18.405345,12,122.70637
19.325734,12,122.733072
18.711242,12,122.755644
19.057675,12,122.787155
19.16431,12,122.809706
19.563437,12,122.834065
18.782841,12,122.856227
19.251646,12,122.880561
18.664835,12,122.909537
19.031487,12,122.932318
19.234465,12,122.956872
18.352387,12,122.980637
18.355533,12,123.008915
12.481556,12,123.03047
19.259095,12,123.056236
17.859843,12,123.077756
19.175111,12,123.097458
19.599107,12,123.125677
18.382561,12,123.149152
14.822037,12,123.17074
18.436325,12,123.191352
19.067858,12,123.213967
17.07661,12,123.241325
19.598978,12,123.263722
18.977707,12,123.286279
18.7136,12,123.309956
18.563563,12,123.331976
18.814461,12,123.35509
18.655276,12,123.379487
18.058504,12,123.398727
19.166557,12,123.423417
18.320446,12,123.44389
19.533098,12,123.472918
19.256474,12,123.49428
18.460466,12,123.517997
19.478456,12,123.541761
18.524556,12,123.563005
18.478827,12,123.589191
19.26021,12,123.610988
19.801802,12,123.635348
18.576071,12,123.658329
18.72063,12,123.684547
18.276136,12,123.706945
18.789538,12,123.73014
18.393417,12,123.758465
19.316902,12,123.783313
19.021313,12,123.816671
18.33906,12,123.844556
18.534669,12,123.869749
19.046057,12,123.889655
19.119872,12,123.915051
19.319726,12,123.939633
19.302051,12,123.963018
19.022202,12,123.986596
18.65886,12,124.007165
18.654479,12,124.035806
18.984181,12,124.05779
18.664678,12,124.079411
18.170996,12,124.103085
19.03191,12,124.128594
19.230361,12,124.156224
19.304656,12,124.180178
18.370628,12,124.206328
19.238341,12,124.227584
19.050347,12,124.256792
19.264978,12,124.280395
18.913704,12,124.302996
18.612269,12,124.325983
19.056208,12,124.352352
18.671581,12,124.379186
18.910029,12,124.400284
19.081722,12,124.421183
18.077466,12,124.444112
18.663483,12,124.470569
18.780276,12,124.497332
18.772007,12,124.518373
18.937511,12,124.539634
18.808454,12,124.558209
19.759062,12,124.579868
19.295218,12,124.603456
19.190996,12,124.679434
18.815214,12,124.702263
19.026054,12,124.729051
17.944821,12,124.749499
18.837727,12,124.77072
18.725932,12,124.793081
19.33645,12,124.815216
18.844148,12,124.842905
18.287428,12,124.866817
18.935585,12,124.888879
18.894307,12,124.9093
18.648253,12,124.930857
18.786602,12,124.957827
19.308953,12,124.979756
19.065729,12,125.000577
18.960895,12,125.023756
19.044177,12,125.046325
19.212094,12,125.075354
18.558861,12,125.099326
19.401011,12,125.124405
18.648673,12,125.147408
18.73207,12,125.170645
18.813429,12,125.20382
19.097628,12,125.228228
18.024791,12,125.249599
18.480214,12,125.269266
19.440984,12,125.291037
18.894763,12,125.320479
18.952185,12,125.341903
19.028998,12,125.360264
18.421982,12,125.38226
19.581133,12,125.403909
19.393245,12,125.431144
18.513191,12,125.452922
19.270204,12,125.475282
18.161949,12,125.496575
19.108807,12,125.519483
19.06216,12,125.546013
19.689942,12,125.570666
18.3656,12,125.593344
18.569448,12,125.617076
19.494588,12,125.640055
19.423192,12,125.667672
19.164393,12,125.693941
19.245162,12,125.716243
18.57085,12,125.737348
18.773445,12,125.757702
19.172075,12,125.786592
19.083578,12,125.812475
18.52947,12,125.836105
19.067036,12,125.857159
19.025486,12,125.876842
19.143644,12,125.907702
18.740018,12,125.929463
19.06374,12,125.957161
18.952128,12,125.986978
18.172666,12,126.022355
18.210034,12,126.047302
18.966033,12,126.070495
18.464522,12,126.090171
18.904206,12,126.112844
18.479617,12,126.140926
18.835766,12,126.162762
18.530135,12,126.18541
16.184711,12,126.20457
18.728286,12,126.224649
19.25641,12,126.250236
19.259803,12,126.270689
19.062174,12,126.293555
18.472974,12,126.315644
19.202003,12,126.335268
19.191192,12,126.359879
18.860577,12,126.381684
19.146384,12,126.402698
18.050265,12,126.423947
18.601105,12,126.443412
19.280508,12,126.470607
19.180391,12,126.491409
18.136724,12,126.51725
18.805819,12,126.538033
19.180541,12,129.003303
19.020247,12,129.025925
18.489287,12,129.046392
19.105953,12,129.067255
18.557171,12,129.086849
19.163495,12,129.114118
19.14235,12,129.136181
17.871789,12,129.158306
19.178324,12,129.180932
19.009868,12,129.202896
19.115791,12,129.225413
19.807395,12,129.247175
18.22519,12,129.266829
19.014973,12,129.285079
19.391608,12,129.307983
19.093578,12,129.326555
18.754442,12,129.351305
14.056726,12,129.372674
18.827387,12,129.392429
18.956571,12,129.413025
17.602948,12,129.431085
18.065908,12,129.454188
19.202791,12,129.47573
19.515022,12,129.496419
19.325005,12,129.517632
19.16202,12,129.538819
16.910198,12,129.559682
18.872623,12,129.586144
18.994051,12,129.60648
19.265163,12,129.626988
18.044591,12,129.648061
19.191877,12,129.667792
19.067327,12,129.693077
19.369188,12,129.712995
18.782173,12,129.730605
18.768859,12,129.755448
19.287024,12,129.775928
18.91025,12,129.803451
19.225005,12,129.82269
19.308173,12,129.843998
16.637662,12,129.866289
18.781052,12,129.888516
19.267339,12,129.912921
19.180315,12,129.93187
18.613572,12,129.95507
18.579864,12,129.974806
18.065896,12,129.995105
17.757958,12,130.021436
18.461268,12,130.04411
18.634214,12,130.064341
18.305378,12,130.086629
19.402825,12,130.110503
19.153603,12,130.135641
18.695998,12,130.156668
18.978747,12,130.173898
15.848524,12,130.193702
16.368795,12,130.213551
18.753551,12,130.236082
18.252961,12,130.259416
18.951585,12,130.285664
18.952736,12,130.306806
19.378309,12,130.331095
18.335604,12,130.357496
18.442723,12,130.389926
18.804411,12,130.415045
18.814963,12,130.439754
18.959126,12,130.458425
18.425443,12,130.478591
18.827882,12,130.505538
19.439665,12,130.524764
19.193326,12,130.547009
19.146544,12,130.567998
19.664584,12,130.588125
18.711,12,130.614593
18.904266,12,130.635453
19.331592,12,130.655665
18.935145,12,130.674839
18.609576,12,130.695702
19.11604,12,130.722413
18.497944,12,130.742531
18.802502,12,130.765364
19.017699,12,130.7849
19.018866,12,130.804887
19.138664,12,130.82814
17.153232,12,130.847979
19.519019,12,130.870877
18.555475,12,130.890315
19.279343,12,130.9121
18.903655,12,130.930405
19.02631,12,130.95549
18.91304,12,130.975811
18.821134,12,130.997563
18.797788,12,131.019707
19.119638,12,131.04994
18.573289,12,131.071969
18.9001,12,131.093163
18.285399,12,131.114066
18.350822,12,131.135355
19.072556,12,131.161014
18.725167,12,131.185471
19.14418,12,131.206624
18.367485,12,131.227477
18.594343,12,131.247134
18.984223,12,131.276271
18.540002,12,131.296592
18.843533,12,131.318445
17.470958,12,131.339083
18.734628,12,131.357496
18.926627,12,131.38125
17.736462,12,131.40233
18.553516,12,131.424621
19.096476,12,131.446043
18.918685,12,131.468551
19.554365,12,131.489006
18.096099,12,131.514061
18.813997,12,131.531789
19.363779,12,131.551687
18.865445,12,131.572629
19.00322,12,131.59329
19.554603,12,131.618362
18.595498,12,131.639638
18.519546,12,131.660931
18.905737,12,131.680402
18.762415,12,131.69888
19.036104,12,131.715765
18.732985,12,131.738687
19.487187,12,131.758341
18.032988,12,131.777114
18.45145,12,131.797901
19.345193,12,131.818856
18.878934,12,131.839039
18.986015,12,131.864612
18.92303,12,131.885842
15.655972,12,131.907378
18.814478,12,131.926039
18.441238,12,131.946058
19.248299,12,131.972556
19.260309,12,131.993231
19.692456,12,132.01304
18.054689,12,132.034799
19.284549,12,132.05519
19.350465,12,132.078279
18.880176,12,132.103081
18.803238,12,132.121642
18.881801,12,132.142116
18.850836,12,132.162727
19.463005,12,132.188468
19.161629,12,132.210388
18.502964,12,132.230845
19.16874,12,132.251872
18.643952,12,132.275888
19.355847,12,132.301374
18.859113,12,132.32234
18.962284,12,132.342906
19.221882,12,132.362578
18.697903,12,132.380634
18.623953,12,132.400798
19.581184,12,132.422801
19.355271,12,132.443941
18.881561,12,132.466991
19.526288,12,132.492291
19.251633,12,132.517663
18.255821,12,132.547715
18.920544,12,132.574375
17.632796,12,132.59991
18.52655,12,132.621709
18.976718,12,132.641546
18.700767,12,132.665637
19.841754,12,132.688793
18.186731,12,132.709943
19.035361,12,132.731074
19.267886,12,135.006408
19.087609,12,135.027071
18.364653,12,135.054404
18.980465,12,135.077422
19.72049,12,135.100456
18.87865,12,135.12322
18.845625,12,135.145947
18.441753,12,135.17085
17.52068,12,135.192341
18.788797,12,135.213191
18.767195,12,135.234867
13.921068,12,135.257032
18.219708,12,135.282636
18.105541,12,135.304623
18.859531,12,135.32556
19.250901,12,135.346109
19.021592,12,135.368638
19.109923,12,135.389678
19.223191,12,135.409111
18.889547,12,135.429302
19.402032,12,135.451022
18.959512,12,135.472459
19.331049,12,135.496705
19.294436,12,135.51899
19.154859,12,135.536474
18.763748,12,135.555183
19.036703,12,135.57636
19.587525,12,135.596869
19.014086,12,135.621302
19.302557,12,135.64278
19.38379,12,135.663436
16.819768,12,135.684976
18.803225,12,135.704577
18.490069,12,135.73483
17.755116,12,135.755548
19.403577,12,135.774459
19.325855,12,135.79387
18.493927,12,135.81117
18.754248,12,135.830225
18.877421,12,135.854684
19.07054,12,135.87297
18.636236,12,135.893465
16.501811,12,135.914562
18.989725,12,135.931884
19.833135,12,135.957034
17.511134,12,135.978764
18.419967,12,136.001407
18.750876,12,136.020613
18.301648,12,136.041772
19.437063,12,136.0625
17.832785,12,136.088692
19.454309,12,136.109543
18.004489,12,136.127495
18.147206,12,136.148698
18.652487,12,136.170222
18.805184,12,136.193228
19.625926,12,136.213864
19.854008,12,136.233917
19.244919,12,136.254622
18.856411,12,136.273053
19.119203,12,136.296501
18.968379,12,136.322972
19.356481,12,136.342784
18.182669,12,136.366454
16.210079,12,136.386906
19.051693,12,136.41296
19.052198,12,136.435793
19.171707,12,136.455692
18.899129,12,136.473389
18.402112,12,136.495495
18.70352,12,136.513962
18.07422,12,136.541737
18.950136,12,136.55944
18.103542,12,136.578859
19.660851,12,136.597872
17.434547,12,136.617287
19.009955,12,136.640978
17.201422,12,136.660159
18.62274,12,136.680259
18.593956,12,136.701664
19.556434,12,136.722619
19.495862,12,136.748839
19.011032,12,136.769208
18.480031,12,136.789744
19.347114,12,136.806473
19.305717,12,136.824103
18.960205,12,136.845368
18.466478,12,136.873314
18.573624,12,136.8951
19.294034,12,136.92077
18.969067,12,136.944304
18.985391,12,136.975845
18.897145,12,137.000689
19.058696,12,137.022676
19.191337,12,137.044959
18.77546,12,137.065683
19.071106,12,137.093299
19.130367,12,137.114815
19.265396,12,137.136948
19.141824,12,137.162049
19.053472,12,137.18582
18.911546,12,137.211966
18.825087,12,137.23368
19.100136,12,137.257711
19.237216,12,137.282496
19.105087,12,137.312367
19.131125,12,137.334751
18.859654,12,137.355808
19.122692,12,137.378462
18.807394,12,137.40123
17.747751,12,137.430843
18.310587,12,137.45643
18.899356,12,137.478365
18.429052,12,137.501326
19.104782,12,137.524394
19.348992,12,137.553232
19.367633,12,137.577519
19.204955,12,137.600157
16.4579,12,137.621901
13.68738,12,137.649554
18.924382,12,137.672435
19.292449,12,137.696047
19.219992,12,137.718657
19.323791,12,137.740792
18.792086,12,137.769787
19.302977,12,137.793144
19.396404,12,137.814677
19.51912,12,137.839024
19.005041,12,137.861394
18.909039,12,137.88815
18.891976,12,137.909033
18.908159,12,137.930464
19.152975,12,137.95281
19.365765,12,137.973251
19.241281,12,137.998111
19.12787,12,138.017668
19.398037,12,138.036831
18.484688,12,138.05936
18.984772,12,138.081697
19.234054,12,138.108287
18.958126,12,138.128983
18.333871,12,138.151181
19.160627,12,138.172698
19.145176,12,138.194718
18.521887,12,138.221717
18.464143,12,138.24539
19.148258,12,138.267862
19.285569,12,138.291952
18.700543,12,138.316447
18.38715,12,138.351136
18.671822,12,138.37394
19.52192,12,138.400225
18.764095,12,138.424372
18.411934,12,138.454395
11.762214,12,138.478695
17.904112,12,138.502683
18.792896,12,138.527609
18.710197,12,138.551693
19.250802,12,138.5799
18.097942,12,138.602764
18.176665,12,138.625944
18.719091,12,138.648875
18.819761,12,138.676069
19.641519,12,138.697724
19.651551,12,138.72059
19.273829,12,138.75007
19.092719,12,138.772915
18.605372,12,138.802325
19.118481,12,138.823056
19.052259,12,138.848597
19.226899,12,141.772599
19.268822,12,141.794389
19.111987,12,141.817021
19.033441,12,141.843318
18.435115,12,141.867584
19.221491,12,141.898153
17.761457,12,141.922683
19.045473,12,141.947581
19.265853,12,141.973403
18.630273,12,142.007773
16.66484,12,142.033171
18.806678,12,142.055488
19.845849,12,142.078437
19.393332,12,142.099557
19.231431,12,142.126246
15.309373,12,142.149668
18.728887,12,142.170625
19.330995,12,142.190633
18.667696,12,142.213972
18.685103,12,142.240011
19.197415,12,142.266817
19.14467,12,142.296053
18.820954,12,142.318274
19.519006,12,142.340276
18.237312,12,142.370238
19.594883,12,142.394093
19.193093,12,142.414402
17.895462,12,142.434498
19.334182,12,142.45442
19.931093,12,142.482883
19.316377,12,142.504927
19.459838,12,142.52507
19.090169,12,142.547258
19.36311,12,142.571216
18.481889,12,142.598501
17.904752,12,142.619931
18.840892,12,142.642043
19.15211,12,142.666376
18.96771,12,142.686565
19.69097,12,142.714474
18.47857,12,142.739247
19.384762,12,142.762707
18.510495,12,142.78447
19.453194,12,142.811998
18.163421,12,142.832902
18.743859,12,142.854936
18.881339,12,142.875988
19.73248,12,142.898327
19.178381,12,142.923147
18.348477,12,142.948669
18.290561,12,142.970615
19.604259,12,142.992599
19.386869,12,143.017569
18.315144,12,143.047566
18.974271,12,143.072145
19.211096,12,143.094477
18.845321,12,143.116605
19.16815,12,143.141046
19.058482,12,143.168724
19.368596,12,143.191282
18.335115,12,143.212518
19.204556,12,143.237501
18.873069,12,143.26739
15.93427,12,143.292474
19.116794,12,143.314904
19.450534,12,143.335999
19.619597,12,143.359467
18.352208,12,143.390449
19.013592,12,143.416517
19.330623,12,143.435957
19.019659,12,143.458591
19.388429,12,143.477119
16.721914,12,143.505781
19.373128,12,143.535556
19.36898,12,143.567343
19.096151,12,143.602178
15.28292,12,143.630147
19.635818,12,143.654263
18.071315,12,143.676593
19.238094,12,143.705374
19.241532,12,143.726445
19.822388,12,143.745686
19.016769,12,143.76605
19.008895,12,143.783195
19.234389,12,143.803039
18.932761,12,143.829594
19.012719,12,143.855806
19.134194,12,143.879396
17.838067,12,143.903307
19.735725,12,143.931008
18.847325,12,143.955798
19.053416,12,143.976693
18.030747,12,144.000804
19.413927,12,144.025357
19.428072,12,144.054474
18.513174,12,144.073978
18.868281,12,144.095355
18.680324,12,144.117429
19.172768,12,144.138543
19.794722,12,144.166738
19.343709,12,144.190822
18.681022,12,144.215515
18.548268,12,144.236461
18.968459,12,144.258385
16.504816,12,144.285386
15.3829,12,144.311122
17.290722,12,144.334969
18.77336,12,144.35656
19.639936,12,144.377674
19.165534,12,144.403722
19.207553,12,144.427098
19.285461,12,144.450579
19.068292,12,144.470502
18.468632,12,144.492378
18.039045,12,144.520262
18.480661,12,144.544856
19.178167,12,144.568011
19.226168,12,144.590651
19.691563,12,144.61959
18.861717,12,144.648696
19.326755,12,144.680421
19.029682,12,144.701508
19.690677,12,144.720823
19.263153,12,144.748247
19.676296,12,144.770595
18.828137,12,144.791379
17.850332,12,144.81657
19.064274,12,144.841769
19.159988,12,144.869763
18.282832,12,144.89444
19.18819,12,144.917665
18.52384,12,144.93944
18.404689,12,144.970789
19.30445,12,144.993259
18.687233,12,145.017003
18.826864,12,145.038369
18.990758,12,145.063189
19.579674,12,145.091607
19.236782,12,145.112075
18.642432,12,145.134285
19.43248,12,145.156351
19.211983,12,145.178473
18.968473,12,145.206295
17.803793,12,145.228968
18.869945,12,145.254081
15.069461,12,145.276395
19.320891,12,145.296239
19.402804,12,145.324877
19.805917,12,145.347292
19.292164,12,145.367844
19.081178,12,145.38879
19.305099,12,145.408585
18.443913,12,145.436823
17.426358,12,145.462037
18.593393,12,145.484635
19.891937,12,145.507626
19.142176,12,145.534352
16.190819,12,145.554872
18.750038,12,145.576463
19.425185,12,145.600151
19.015231,12,145.625279
18.98816,12,145.654776
19.272478,12,145.677776
19.246731,12,145.701822
18.494594,12,145.727735
17.988122,12,145.756087
19.635487,12,145.79524
19.506388,12,145.820922
18.362522,12,145.844194
18.214247,12,145.863669
19.744241,12,145.89599
18.80929,12,148.473625
19.581593,12,148.501403
19.894041,12,148.526021
18.144195,12,148.546479
19.466174,12,148.567351
15.454269,12,148.594891
18.665277,12,148.617484
18.06977,12,148.639126
19.455374,12,148.66041
18.446256,12,148.681277
18.945991,12,148.708169
19.29171,12,148.731495
19.072387,12,148.753035
18.943389,12,148.773888
18.786036,12,148.796046
19.105712,12,148.822704
18.453438,12,148.843859
17.712481,12,148.866514
19.192728,12,148.888769
18.768026,12,148.915514
18.860587,12,148.939384
19.517288,12,148.965754
18.998009,12,148.993273
19.086154,12,149.016493
18.415393,12,149.040908
19.066932,12,149.062691
19.297884,12,149.08097
18.540012,12,149.102317
19.006451,12,149.1242
19.080779,12,149.150465
19.463812,12,149.175328
19.183336,12,149.200341
18.689784,12,149.222239
19.583925,12,149.250872
19.384856,12,149.277847
19.145188,12,149.306227
19.060389,12,149.332532
19.237874,12,149.355817
18.795258,12,149.382033
18.847283,12,149.406128
18.896876,12,149.42898
19.034935,12,149.456315
18.510669,12,149.486851
19.704161,12,149.512841
18.781189,12,149.536358
18.824986,12,149.561866
18.731403,12,149.588513
19.2129,12,149.617165
19.745703,12,149.643751
19.195435,12,149.671013
19.636176,12,149.694433
19.283257,12,149.720544
19.160207,12,149.748193
18.750058,12,149.775126
19.061067,12,149.798451
18.203187,12,149.82099
18.20341,12,149.849858
19.427304,12,149.876338
19.694925,12,149.901493
19.496352,12,149.927721
18.706595,12,149.953256
19.184013,12,149.984424
19.264543,12,150.008567
18.591939,12,150.030037
19.283098,12,150.055475
19.448085,12,150.08604
19.353957,12,150.116929
19.553159,12,150.154401
18.831513,12,150.184603
19.202835,12,150.21538
19.142139,12,150.239349
18.988018,12,150.265874
18.594919,12,150.293799
18.947404,12,150.323509
19.759502,12,150.34775
17.943371,12,150.373738
19.33403,12,150.398588
19.055154,12,150.422858
18.658729,12,150.452065
15.428639,12,150.477007
19.364257,12,150.501296
19.165057,12,150.522171
19.203757,12,150.548151
19.553609,12,150.570062
19.343568,12,150.594238
19.393981,12,150.618578
18.376818,12,150.643703
18.592181,12,150.670555
19.561367,12,150.693764
18.850694,12,150.712968
18.57185,12,150.73583
19.505863,12,150.760177
19.304568,12,150.790487
19.169211,12,150.816512
19.267203,12,150.836043
19.47666,12,150.860184
18.812562,12,150.886596
18.944107,12,150.915346
18.645851,12,150.939772
18.099383,12,150.962488
19.311561,12,150.98494
18.894728,12,151.006621
19.143655,12,151.036324
19.59735,12,151.058023
19.691492,12,151.078023
18.707086,12,151.098897
19.166632,12,151.118353
19.141624,12,151.14403
19.48385,12,151.165605
18.991347,12,151.186745
18.449846,12,151.210895
18.620071,12,151.231769
19.263088,12,151.258978
19.621736,12,151.281756
19.08647,12,151.303146
18.913894,12,151.329095
19.530557,12,151.352461
19.509756,12,151.374701
19.171217,12,151.396411
18.924319,12,151.419481
18.638218,12,151.444111
18.43968,12,151.469558
19.374991,12,151.493508
18.801341,12,151.513973
19.428055,12,151.5356
19.012162,12,151.556293
18.739633,12,151.579394
19.589555,12,151.601592
19.322257,12,151.622178
19.23482,12,151.645436
19.182801,12,151.667104
19.137259,12,151.692187
19.458668,12,151.712261
18.952824,12,151.734435
19.079984,12,151.762234
19.022771,12,151.783993
18.950766,12,151.81393
19.839446,12,151.836572
19.191675,12,151.858462
19.026185,12,151.879763
19.527744,12,151.901632
19.660704,12,151.929216
19.15672,12,151.952737
19.344159,12,151.973672
19.038281,12,151.992943
18.884497,12,152.018792
19.374019,12,152.045563
18.762795,12,152.068465
19.116921,12,152.091072
19.142596,12,152.110646
18.922528,12,152.136562
19.235177,12,152.160402
18.805306,12,152.179406
19.310487,12,152.200909
18.773285,12,152.222306
18.906199,12,152.246036
19.116757,12,152.270056
18.868024,12,152.294572
18.736184,12,152.32478
19.366457,12,152.362779
18.988057,12,152.393558
19.177804,12,152.415014
18.80488,12,152.440267
18.656097,12,152.465045
19.347281,12,152.492484
19.105102,12,152.522638
17.923319,12,152.547431
19.639907,12,152.570694
19.12988,12,152.594609
19.277695,12,152.622343
19.352317,12,152.6454
19.19105,12,155.053274
19.983845,12,155.074483
19.360623,12,155.100751
19.317232,12,155.119554
18.686159,12,155.140983
19.215215,12,155.162105
19.664904,12,155.184
18.93587,12,155.211268
19.386235,12,155.232397
18.912476,12,155.253732
18.661281,12,155.274132
18.551882,12,155.292798
18.486006,12,155.317328
18.850769,12,155.338417
19.721648,12,155.361884
17.315791,12,155.384992
18.97553,12,155.405878
18.601757,12,155.43406
19.128691,12,155.457538
10.999041,12,155.480702
18.022352,12,155.502776
19.38584,12,155.529765
18.941082,12,155.553857
19.411874,12,155.575437
19.465881,12,155.596756
19.236492,12,155.619216
19.039785,12,155.640473
19.012338,12,155.664556
19.321613,12,155.688461
18.802395,12,155.709171
19.090605,12,155.729839
18.725895,12,155.752046
19.118686,12,155.778956
19.242468,12,155.803686
19.191072,12,155.827851
19.489297,12,155.852307
19.180252,12,155.87736
19.204804,12,155.902826
18.780105,12,155.925554
16.426123,12,155.946905
19.018696,12,155.974313
18.831403,12,155.996337
19.117579,12,156.018448
19.124798,12,156.043663
18.981455,12,156.069026
19.093367,12,156.094593
19.058698,12,156.118119
18.585621,12,156.139825
18.545407,12,156.159534
18.923734,12,156.186638
19.798119,12,156.209539
18.689254,12,156.237309
19.328445,12,156.257651
18.499246,12,156.2786
18.385242,12,156.305337
19.571821,12,156.328953
18.81138,12,156.353218
19.308738,12,156.374272
19.224441,12,156.397097
19.395916,12,156.422033
17.900025,12,156.446026
19.64545,12,156.466947
18.804215,12,156.489039
18.966336,12,156.510968
18.915804,12,156.535958
19.032943,12,156.558801
6.357357,12,156.58075
19.169876,12,156.602665
19.503787,12,156.627812
19.478414,12,156.654151
19.143163,12,156.733113
19.006169,12,156.771507
18.949647,12,156.799883
18.526759,12,156.822262
18.953389,12,156.843745
19.306582,12,156.872985
19.322442,12,156.89941
18.906697,12,156.92297
19.601733,12,156.944335
18.482131,12,156.966071
18.539748,12,156.990871
19.401993,12,157.013309
13.440999,12,157.033728
19.10612,12,157.057229
18.660159,12,157.078583
19.348208,12,157.105124
18.615873,12,157.127166
18.556807,12,157.149908
16.435766,12,157.173987
19.10953,12,157.198562
19.160695,12,157.223985
19.364476,12,157.249909
18.983908,12,157.270408
19.450314,12,157.294836
19.468499,12,157.317607
19.498997,12,157.343903
16.894601,12,157.368073
19.421003,12,157.39304
19.526645,12,157.412992
19.321325,12,157.435267
19.421616,12,157.467681
19.198588,12,157.492363
19.548753,12,157.51545
19.090147,12,157.538139
18.459169,12,157.564406
18.965423,12,157.589687
19.364829,12,157.611017
18.26909,12,157.633172
19.085063,12,157.655225
19.173525,12,157.687876
19.006838,12,157.710346
19.467257,12,157.734143
18.40651,12,157.757883
19.553785,12,157.784326
19.490403,12,157.812971
18.398376,12,157.838131
19.455763,12,157.857749
19.216631,12,157.881158
18.933778,12,157.905745
19.631153,12,157.926149
19.546053,12,157.944391
19.578552,12,157.965654
19.527974,12,157.986184
19.124612,12,158.011016
18.892893,12,158.034958
19.329169,12,158.057176
18.317119,12,158.077685
19.35678,12,158.098551
18.405775,12,158.11837
18.795325,12,158.145177
18.718145,12,158.170125
19.497185,12,158.190849
19.332001,12,158.211168
18.521944,12,158.230167
19.717315,12,158.256221
19.531316,12,158.279831
19.461848,12,158.302288
19.05107,12,158.321821
19.313974,12,158.340659
18.483121,12,158.363679
19.717269,12,158.386721
19.367805,12,158.409184
15.73307,12,158.429738
19.080785,12,158.448325
19.280049,12,158.470766
18.569197,12,158.490106
18.577008,12,158.512595
18.964305,12,158.533973
18.620926,12,158.554854
19.17769,12,158.582675
19.514769,12,158.604235
19.036335,12,158.623826
18.907891,12,158.64407
19.56661,12,158.664928
19.551097,12,158.686582
19.232521,12,158.712662
19.051424,12,158.734056
19.454368,12,158.754811
18.943207,12,158.777813
18.983506,12,158.800061
19.164047,12,158.821738
19.141842,12,158.844752
19.298099,12,158.869681
19.362168,12,158.890822
19.55579,12,158.917023
18.557692,12,158.953128
19.053337,12,158.97647
18.938049,12,158.999187
19.113079,12,159.017971
19.916623,12,159.040555
